Symbol,Name,Sector,Industry Name,Ind Group Rank,Exchange,Current Price,Price % Chg,Price $ Chg,Volume (1000s),Vol % Chg vs 50-Day,EPS Rating,RS Rating,Ind Group RS,SMR Rating,A/D Rating,Comp Rating
BAK,Braskem Sa Adr,CHEMICAL,Chemicals-Basic,49,NYSE,19.51,-1.3,-0.26,372,9.5,69,97,B+,D,C,88
CE,Celanese Corp,CHEMICAL,Chemicals-Basic,49,NYSE,159.45,1.1,1.75,491,7.9,92,72,B+,A,C,92
CINR,Ciner Resources LP,CHEMICAL,Chemicals-Basic,49,NYSE,22.13,2,0.43,33,95.8,67,98,B+,C,B+,97
CMP,Compass Minerals Intl,CHEMICAL,Chemicals-Basic,49,NYSE,55.63,2.2,1.19,369,29.9,20,24,B+,D,C,29
DD,DuPont de Nemours Inc,CHEMICAL,Chemicals-Basic,49,NYSE,79.28,1.8,1.39,1765,-3.8,70,69,B+,C,D-,79
ECVT,Ecovyst Inc,CHEMICAL,Chemicals-Basic,49,NYSE,10.28,-0.2,-0.02,336,-20.9,79,28,B+,C,D+,62
GURE,Gulf Resources Inc,CHEMICAL,Chemicals-Basic,49,NASDAQ,4.6,0,0,0,-96.3,44,33,B+,C,D,49
HUN,Huntsman Corp,CHEMICAL,Chemicals-Basic,49,NYSE,36.56,0.5,0.19,652,-51.4,76,93,B+,B,B+,97
HWKN,Hawkins Inc,CHEMICAL,Chemicals-Basic,49,NASDAQ,37.01,-1.2,-0.46,30,19.1,88,87,B+,B,A-,96
LYB,Lyondellbasell Ind Nv,CHEMICAL,Chemicals-Basic,49,NYSE,100.48,0.9,0.95,1178,-27.8,80,75,B+,A,D-,85
NTIC,Northern Tech Intl Corp,CHEMICAL,Chemicals-Basic,49,NASDAQ,13.08,0.4,0.05,3,-48,38,25,B+,B,D+,46
SHI,Sinopec Shanghai Petrocm,CHEMICAL,Chemicals-Basic,49,NYSE,22.18,-0.8,-0.17,5,-57.6,37,65,B+,D,B,75
VNTR,Venator Materials PLC,CHEMICAL,Chemicals-Basic,49,NYSE,2.51,-0.4,-0.01,89,-54,69,19,B+,D,C-,46
WLK,Westlake Chemical Corp,CHEMICAL,Chemicals-Basic,49,NYSE,101.88,0.2,0.19,319,-15,76,87,B+,B,D-,90
WLKP,Westlake Chemical Prtnrs,CHEMICAL,Chemicals-Basic,49,NYSE,26.46,-1.2,-0.33,36,-31.7,65,75,B+,B,B+,88
ASIX,Advansix Inc,CHEMICAL,Chemicals-Plastics,79,NYSE,42.39,-0.1,-0.06,125,-10.1,81,94,B,B,D+,93
AVNT,Avient Corporation,CHEMICAL,Chemicals-Plastics,79,NYSE,50.8,0.4,0.18,227,-18.8,78,72,B,B,C-,87
CMT,Core Mlding Technologies,CHEMICAL,Chemicals-Plastics,79,AMEX,8.15,0,0,7,-60.7,30,16,B,B,E,32
DNMR,Danimer Scientific Inc,CHEMICAL,Chemicals-Plastics,79,NYSE,4.69,-10.2,-0.54,3356,10.9,69,1,B,D,E,23
DOW,Dow Inc,CHEMICAL,Chemicals-Plastics,79,NYSE,61.71,-0.1,-0.05,4151,-4.4,88,75,B,A,C-,89
EMN,Eastman Chemical Co,CHEMICAL,Chemicals-Plastics,79,NYSE,121.33,1.3,1.5,620,-30.6,63,85,B,B,B+,87
FFHL,Fuwei Films Holdings Co,CHEMICAL,Chemicals-Plastics,79,NASDAQ,7.43,1.7,0.12,0,-92.8,68,22,B,B,C+,57
KRA,Kraton Corporation,CHEMICAL,Chemicals-Plastics,79,NYSE,46.45,-0.3,-0.13,332,49.2,55,92,B,C,B+,91
LOOP,Loop Industries Inc,CHEMICAL,Chemicals-Plastics,79,NASDAQ,7.56,-7,-0.57,78,-17.9,23,18,B,-,D-,23
PCT,Purecycle Technologies,CHEMICAL,Chemicals-Plastics,79,NASDAQ,5.87,-4.6,-0.28,651,-18.9,40,4,B,-,D-,19
TG,Tredegar Corp,CHEMICAL,Chemicals-Plastics,79,NYSE,11.83,0.3,0.04,53,-53.9,56,30,B,B,D-,54
TSE,Trinseo Plc,CHEMICAL,Chemicals-Plastics,79,NYSE,54.27,-1.4,-0.75,233,-7.2,70,48,B,A,D+,71
ADES,Advanced Emissions Solut,CHEMICAL,Chemicals-Specialty,75,NASDAQ,6.6,3.1,0.2,113,50.4,74,85,B,C,C+,83
AGFS,Agrofresh Solutions Inc,CHEMICAL,Chemicals-Specialty,75,NASDAQ,1.92,5.9,0.11,58,-6.3,33,37,B,E,C-,33
ALB,Albemarle Corp,CHEMICAL,Chemicals-Specialty,75,NYSE,221.87,-1.5,-3.33,411,-48.4,48,87,B,C,E,64
APD,Air Products & Chemicals,CHEMICAL,Chemicals-Specialty,75,NYSE,284.48,-0.1,-0.16,599,1.3,78,55,B,A,D,76
AQMS,Aqua Metals Inc,CHEMICAL,Chemicals-Specialty,75,NASDAQ,1.05,-4.1,-0.05,311,-61.8,25,6,B,E,D-,15
ASH,Ashland Global Holdings,CHEMICAL,Chemicals-Specialty,75,NYSE,97.08,1.4,1.36,585,128.8,86,83,B,C,D-,82
ASPN,Aspen Aerogels Inc,CHEMICAL,Chemicals-Specialty,75,NYSE,29.5,-1,-0.31,207,-9.7,24,65,B,E,E,33
ATC,Atotech Limited,CHEMICAL,Chemicals-Specialty,75,NYSE,24.56,0.2,0.05,656,20.3,69,85,B,D,B-,81
BCPC,Balchem Corp,CHEMICAL,Chemicals-Specialty,75,NASDAQ,142.84,-1.5,-2.24,221,223.8,72,83,B,B,B,85
CBT,Cabot Corp,CHEMICAL,Chemicals-Specialty,75,NYSE,63.34,2.1,1.28,677,250.6,61,91,B,A,B+,89
CC,The Chemours Company,CHEMICAL,Chemicals-Specialty,75,NYSE,33.89,1,0.32,953,8.1,85,88,B,A,B-,94
CCF,Chase Corp,CHEMICAL,Chemicals-Specialty,75,AMEX,96.62,0.6,0.53,34,189.1,58,32,B,B,C+,62
CDXC,Chromadex Corporation,CHEMICAL,Chemicals-Specialty,75,NASDAQ,2.61,-9.1,-0.26,984,202.3,11,5,B,E,E,10
CNEY,CN Energy Group Inc,CHEMICAL,Chemicals-Specialty,75,NASDAQ,1.91,-3,-0.06,14,-96.9,70,1,B,A,D-,40
CSWI,C S W Industrials Inc,CHEMICAL,Chemicals-Specialty,75,NASDAQ,112.58,-0.2,-0.24,71,199.8,89,28,B,A,C,73
ESI,Element Solutions Inc,CHEMICAL,Chemicals-Specialty,75,NYSE,23.5,2.5,0.58,1163,33.7,96,75,B,A,B-,94
FF,Futurefuel Corp,CHEMICAL,Chemicals-Specialty,75,NYSE,7.67,-0.9,-0.07,139,10,37,29,B,A,D+,45
FOE,Ferro Corp,CHEMICAL,Chemicals-Specialty,75,NYSE,21.83,0.1,0.03,365,26.3,74,92,B,B,B+,94
FSI,Flexible Solutions Intl,CHEMICAL,Chemicals-Specialty,75,AMEX,3.33,-2.5,-0.09,3,-85.3,88,48,B,B,C+,77
FUL,Fuller H B Co,CHEMICAL,Chemicals-Specialty,75,NYSE,71.95,0.1,0.07,282,41.3,60,86,B,B,E,73
GEVO,Gevo Inc,CHEMICAL,Chemicals-Specialty,75,NASDAQ,3.23,-8.6,-0.31,6573,-6.4,39,7,B,E,B,23
IOSP,Innospec Inc,CHEMICAL,Chemicals-Specialty,75,NASDAQ,92.44,-1.1,-1.03,62,-4,78,69,B,C,D-,77
KOP,Koppers Holdings Inc,CHEMICAL,Chemicals-Specialty,75,NYSE,30.84,0.2,0.05,38,-19.1,52,33,B,B,C+,54
KRO,Kronos Worldwide Inc,CHEMICAL,Chemicals-Specialty,75,NYSE,14.55,0.1,0.02,68,-37.5,82,69,B,C,B-,83
KWR,Quaker Houghton,CHEMICAL,Chemicals-Specialty,75,NYSE,208,0.1,0.12,25,-32,75,25,B,C,C,59
LIN,Linde plc,CHEMICAL,Chemicals-Specialty,75,NYSE,322.22,0.3,0.81,1198,6.6,89,85,B,B,D,88
LTHM,Livent Corporation,CHEMICAL,Chemicals-Specialty,75,NYSE,22.92,-1.9,-0.44,1148,-42.2,69,79,B,C,D-,71
LXFR,Luxfer Holdings Plc,CHEMICAL,Chemicals-Specialty,75,NYSE,16.66,-2.3,-0.4,63,31.2,69,28,B,B,B-,62
MEOH,Methanex Corp,CHEMICAL,Chemicals-Specialty,75,NASDAQ,46.31,-1.2,-0.57,402,26.3,74,93,B,A,B,93
MTX,Minerals Technologies,CHEMICAL,Chemicals-Specialty,75,NYSE,70.35,-0.3,-0.22,74,2.4,82,44,B,C,C+,76
NEU,Newmarket Corp,CHEMICAL,Chemicals-Specialty,75,NYSE,342.75,1.6,5.32,20,-47,62,52,B,B,B-,69
NGVT,Ingevity Corporation,CHEMICAL,Chemicals-Specialty,75,NYSE,66.45,-0.1,-0.05,143,18.7,87,27,B,A,B-,68
OEC,Orion Engineered Carbns,CHEMICAL,Chemicals-Specialty,75,NYSE,18.61,2.4,0.43,244,56.1,72,48,B,A,B,80
OLN,Olin Corp,CHEMICAL,Chemicals-Specialty,75,NYSE,51.19,-0.1,-0.03,1430,8.5,69,92,B,A,C-,89
PRM,Perimeter Solutions SA,CHEMICAL,Chemicals-Specialty,75,NYSE,13.38,2.7,0.35,398,-28.4,27,85,B,D,C-,65
RYAM,Rayonier Advanced Matls,CHEMICAL,Chemicals-Specialty,75,NYSE,6.19,-0.1,-0.01,135,-26.5,30,23,B,D,D-,32
SCL,Stepan Co,CHEMICAL,Chemicals-Specialty,75,NYSE,108.45,-1.6,-1.72,26,-20.9,63,32,B,B,D+,65
SLCA,U S Silica Holdings Inc,CHEMICAL,Chemicals-Specialty,75,NYSE,9.96,-2.2,-0.23,610,11.1,12,65,B,D,B,51
SND,Smart Sand Inc,CHEMICAL,Chemicals-Specialty,75,NASDAQ,1.95,-3.5,-0.07,60,-2.3,8,30,B,D,D+,31
SOI,Solaris Oilfield Infra,CHEMICAL,Chemicals-Specialty,75,NYSE,7.85,-2,-0.16,101,-17.4,50,35,B,C,B-,52
TANH,Tantech Holdings Ltd,CHEMICAL,Chemicals-Specialty,75,NASDAQ,0.31,0.6,0,615,-75.9,8,2,B,E,D-,3
TROX,Tronox Holdings plc,CHEMICAL,Chemicals-Specialty,75,NYSE,23.38,-1.4,-0.33,615,-19.1,97,89,B,C,C-,97
UNVR,Univar Solutions Inc,CHEMICAL,Chemicals-Specialty,75,NYSE,28.04,0.8,0.23,490,-21.8,89,90,B,C,C-,94
VHI,Valhi Inc,CHEMICAL,Chemicals-Specialty,75,NYSE,26.59,0.8,0.2,20,20.4,70,92,B,C,D,83
VVV,Valvoline Inc,CHEMICAL,Chemicals-Specialty,75,NYSE,33.57,0.4,0.14,550,-20.6,81,84,B,A,C-,89
WDFC,W D 40 Co,CHEMICAL,Chemicals-Specialty,75,NASDAQ,220.89,-0.6,-1.29,33,-40.4,48,33,B,B,C,46
WULF,TeraWulf Inc,CHEMICAL,Chemicals-Specialty,75,NASDAQ,12.73,-1,-0.13,76,-17.5,9,25,B,D,D,25
AIP,Arteris Inc,CHIPS,Elec-Semicondctor Fablss,37,NASDAQ,15.67,0.4,0.07,72,-12.1,16,24,A-,-,C-,33
AMBA,Ambarella Inc,CHIPS,Elec-Semicondctor Fablss,37,NASDAQ,141.27,0.1,0.2,272,-62.3,65,91,A-,B,D+,90
AMD,Advanced Micro Devices,CHIPS,Elec-Semicondctor Fablss,37,NASDAQ,122.85,5.2,6.07,171261,180.7,98,89,A-,A,D-,95
AOSL,Alpha & Omega Semicondtr,CHIPS,Elec-Semicondctor Fablss,37,NASDAQ,46.61,-0.5,-0.23,385,-30.4,98,98,A-,A,B-,98
AVGO,Broadcom Inc,CHIPS,Elec-Semicondctor Fablss,37,NASDAQ,602.87,1.7,10.15,1712,-8.6,88,93,A-,A,B-,96
CAN,Canaan Inc Cl A Ads,CHIPS,Elec-Semicondctor Fablss,37,NASDAQ,4.34,-3.8,-0.17,1385,-59.5,69,11,A-,D,B-,47
CEVA,Ceva Inc,CHIPS,Elec-Semicondctor Fablss,37,NASDAQ,37.28,2,0.74,113,57.3,64,19,A-,B,B,60
CRUS,Cirrus Logic Inc,CHIPS,Elec-Semicondctor Fablss,37,NASDAQ,85.86,3.5,2.92,920,132.2,69,72,A-,A,C+,88
EBON,Ebang Intl Hldgs Cl A,CHIPS,Elec-Semicondctor Fablss,37,NASDAQ,1.2,3,0.04,3515,30.2,47,5,A-,E,C+,32
GSIT,G S I Technology Inc,CHIPS,Elec-Semicondctor Fablss,37,NASDAQ,4.61,1.5,0.07,17,-52,34,22,A-,E,C-,38
HIMX,Himax Technologies Ads,CHIPS,Elec-Semicondctor Fablss,37,NASDAQ,10.75,-0.4,-0.05,2173,-42.1,69,37,A-,A,D+,75
LSCC,Lattice Semiconductor,CHIPS,Elec-Semicondctor Fablss,37,NASDAQ,57.52,1.4,0.81,830,14.2,95,65,A-,A,D,92
MPWR,Monolithic Power Systems,CHIPS,Elec-Semicondctor Fablss,37,NASDAQ,412.83,1.6,6.49,344,34.8,95,42,A-,A,C-,86
MRVL,Marvell Technology Inc,CHIPS,Elec-Semicondctor Fablss,37,NASDAQ,73.57,1.6,1.15,7679,-11.8,78,95,A-,A,C,99
MXL,Maxlinear Inc,CHIPS,Elec-Semicondctor Fablss,37,NASDAQ,60.68,0.9,0.54,646,55.7,71,96,A-,A,B-,98
NVDA,Nvidia Corp,CHIPS,Elec-Semicondctor Fablss,37,NASDAQ,251.96,2.3,5.58,48305,5.7,97,96,A-,A,E,97
NVTS,Navitas Semiconductor,CHIPS,Elec-Semicondctor Fablss,37,NASDAQ,9.78,-5,-0.51,521,-61.4,6,32,A-,-,E,26
NXPI,Nxp Semiconductors N V,CHIPS,Elec-Semicondctor Fablss,37,NASDAQ,209.79,0.8,1.59,1745,11.4,70,79,A-,A,B-,90
OIIM,O 2Micro Intl Ads,CHIPS,Elec-Semicondctor Fablss,37,NASDAQ,4.1,-1.1,-0.05,49,-70.8,28,11,A-,B,D,33
PRSO,Peraso Inc,CHIPS,Elec-Semicondctor Fablss,37,NASDAQ,2.7,-3.2,-0.09,82,-52.1,21,13,A-,E,C+,24
PXLW,Pixelworks Inc,CHIPS,Elec-Semicondctor Fablss,37,NASDAQ,3.45,0.1,0.01,1191,75,44,52,A-,E,D+,51
QCOM,Qualcomm Inc,CHIPS,Elec-Semicondctor Fablss,37,NASDAQ,188.21,6.3,11.08,18511,156.8,85,94,A-,A,B-,98
QUIK,Quicklogic Corp,CHIPS,Elec-Semicondctor Fablss,37,NASDAQ,4.75,-3.8,-0.19,35,-37.1,45,39,A-,E,D-,45
RMBS,Rambus Inc,CHIPS,Elec-Semicondctor Fablss,37,NASDAQ,25.8,0.9,0.24,487,-27,69,91,A-,B,D,96
SITM,Sitime Corporation,CHIPS,Elec-Semicondctor Fablss,37,NASDAQ,234.66,-0.7,-1.59,177,-30.6,82,98,A-,A,B+,98
SLAB,Silicon Laboratories Inc,CHIPS,Elec-Semicondctor Fablss,37,NASDAQ,170.53,3.1,5.11,633,180.5,34,75,A-,C,E,72
SMTC,Semtech Corporation,CHIPS,Elec-Semicondctor Fablss,37,NASDAQ,72.99,1.5,1.09,244,-12.3,85,55,A-,A,C-,87
SQNS,Sequans Comm Ads,CHIPS,Elec-Semicondctor Fablss,37,NYSE,4.28,-2.2,-0.1,21,-76,42,21,A-,-,E,30
VLN,Valens Semiconductor Ltd,CHIPS,Elec-Semicondctor Fablss,37,NYSE,6.23,-1.7,-0.11,21,-46.6,22,15,A-,E,E,30
XLNX,Xilinx Inc,CHIPS,Elec-Semicondctor Fablss,37,NASDAQ,208.67,5.2,10.35,7376,211.2,87,96,A-,A,C,98
XPER,Xperi Holding Corp,CHIPS,Elec-Semicondctor Fablss,37,NASDAQ,16.84,-1.2,-0.21,299,0.9,56,30,A-,A,B-,65
ACLS,Axcelis Technologies Inc,CHIPS,Elec-Semiconductor Equip,61,NASDAQ,63.44,0.3,0.17,228,-32,91,97,B+,B,B-,99
ACMR,Acm Research Inc Cl A,CHIPS,Elec-Semiconductor Equip,61,NASDAQ,80.55,-1.9,-1.52,114,-37.6,84,30,B+,A,E,68
AEHR,Aehr Test Systems,CHIPS,Elec-Semiconductor Equip,61,NASDAQ,12.6,-4.1,-0.54,766,-40.1,59,99,B+,C,D+,75
AEIS,Advanced Energy Inds,CHIPS,Elec-Semiconductor Equip,61,NASDAQ,86.7,0.2,0.13,167,13.1,39,29,B+,B,D-,43
AMAT,Applied Materials Inc,CHIPS,Elec-Semiconductor Equip,61,NASDAQ,140.81,1.6,2.2,6501,0.6,92,83,B+,A,D-,91
ASML,A S M L Holding N.V. NY,CHIPS,Elec-Semiconductor Equip,61,NASDAQ,684.67,0.4,2.79,531,-41.4,95,52,B+,A,E,75
ASYS,Amtech Systems Inc,CHIPS,Elec-Semiconductor Equip,61,NASDAQ,8.75,-2,-0.18,27,-64.8,69,27,B+,C,E,62
ATOM,Atomera Incorporated,CHIPS,Elec-Semiconductor Equip,61,NASDAQ,13.96,-1.7,-0.24,187,-21.4,27,18,B+,D,E,25
AXTI,A X T Inc,CHIPS,Elec-Semiconductor Equip,61,NASDAQ,7.37,-1.2,-0.09,114,-29.1,69,23,B+,B,B,68
AZTA,Azenta Inc,CHIPS,Elec-Semiconductor Equip,61,NASDAQ,87.01,1.7,1.43,578,41.3,57,30,B+,C,D,52
CCMP,CMC Materials Inc,CHIPS,Elec-Semiconductor Equip,61,NASDAQ,185.68,0,-0.06,410,23.4,71,95,B+,B,C+,86
COHR,Coherent Inc,CHIPS,Elec-Semiconductor Equip,61,NASDAQ,258.09,0,0.02,139,39.7,67,85,B+,B,B,92
COHU,Cohu Inc,CHIPS,Elec-Semiconductor Equip,61,NASDAQ,32.27,-0.6,-0.2,226,-31.4,77,31,B+,A,D-,69
CVV,C V D Equipment Corp,CHIPS,Elec-Semiconductor Equip,61,NASDAQ,4.68,-3.9,-0.19,5,-81.9,69,75,B+,E,B-,66
DAIO,Data I O Corp,CHIPS,Elec-Semiconductor Equip,61,NASDAQ,4.96,4.2,0.2,2,-89.3,61,29,B+,D,C-,48
ENTG,Entegris Inc,CHIPS,Elec-Semiconductor Equip,61,NASDAQ,132.27,3,3.83,986,11.2,95,81,B+,A,C+,94
FORM,Formfactor Inc,CHIPS,Elec-Semiconductor Equip,61,NASDAQ,42.97,0.1,0.06,309,36,71,81,B+,A,B-,83
ICHR,Ichor Holdings Ltd,CHIPS,Elec-Semiconductor Equip,61,NASDAQ,42.76,0.7,0.31,114,-24.1,80,37,B+,B,B-,72
IVAC,Intevac Inc,CHIPS,Elec-Semiconductor Equip,61,NASDAQ,5.34,-2.5,-0.14,33,-77.7,4,44,B+,E,B,33
KLAC,K L A Corp,CHIPS,Elec-Semiconductor Equip,61,NASDAQ,395.51,1.9,7.48,853,-6.2,96,89,B+,A,D+,98
KLIC,Kulicke & Soffa Ind Inc,CHIPS,Elec-Semiconductor Equip,61,NASDAQ,54.06,-0.6,-0.32,782,-9.8,89,85,B+,A,C,91
KOPN,Kopin Corp,CHIPS,Elec-Semiconductor Equip,61,NASDAQ,2.86,-7.6,-0.24,725,-40.3,2,8,B+,D,D,17
KULR,KULR Technology Group,CHIPS,Elec-Semiconductor Equip,61,AMEX,2.21,-0.5,-0.01,317,-68.8,2,27,B+,D,D-,27
LRCX,Lam Research Corp,CHIPS,Elec-Semiconductor Equip,61,NASDAQ,609.35,3.4,19.88,1179,10.5,93,72,B+,A,E,90
MKSI,M K S Instruments Inc,CHIPS,Elec-Semiconductor Equip,61,NASDAQ,155.92,0.6,0.93,297,-2.7,87,48,B+,A,D+,82
NVMI,Nova Ltd,CHIPS,Elec-Semiconductor Equip,61,NASDAQ,118.25,1.7,2.03,189,39.2,92,94,B+,A,E,98
ONTO,Onto Innovation Inc,CHIPS,Elec-Semiconductor Equip,61,NYSE,92.88,-0.1,-0.09,195,-25.8,96,96,B+,B,C-,99
PLAB,Photronics Inc,CHIPS,Elec-Semiconductor Equip,61,NASDAQ,18.22,1.1,0.2,471,-3.6,91,97,B+,C,B+,96
TER,Teradyne Inc,CHIPS,Elec-Semiconductor Equip,61,NASDAQ,117.13,0.2,0.25,1920,44.3,94,33,B+,A,C,75
TRT,Trio Tech Intl,CHIPS,Elec-Semiconductor Equip,61,AMEX,7.34,6.4,0.44,83,-81.3,39,97,B+,D,D+,66
UCTT,Ultra Clean Holdings Inc,CHIPS,Elec-Semiconductor Equip,61,NASDAQ,51.49,1.1,0.57,220,-28.2,91,81,B+,A,D-,95
VECO,Veeco Instruments Inc,CHIPS,Elec-Semiconductor Equip,61,NASDAQ,27.35,-0.6,-0.17,203,-29,71,93,B+,B,E,89
ADI,Analog Devices Inc,CHIPS,Elec-Semiconductor Mfg,57,NASDAQ,169.05,2.2,3.68,1658,-31.5,78,65,B+,A,C-,84
AEVA,Aeva Technologies Inc,CHIPS,Elec-Semiconductor Mfg,57,NYSE,5.29,-2.8,-0.15,1160,-22.9,2,12,B+,E,D+,17
AKTS,Akoustis Technologies,CHIPS,Elec-Semiconductor Mfg,57,NASDAQ,5.97,-2.4,-0.15,536,-3.9,27,15,B+,D,B-,33
ALGM,Allegro Microsystems Inc,CHIPS,Elec-Semiconductor Mfg,57,NASDAQ,28.63,-0.2,-0.06,631,6.3,65,60,B+,A,B-,79
AMKR,Amkor Technology Inc,CHIPS,Elec-Semiconductor Mfg,57,NASDAQ,22.08,0.7,0.15,603,-6.4,96,79,B+,B,C-,94
AMPG,AmpliTech Group Inc,CHIPS,Elec-Semiconductor Mfg,57,NASDAQ,2.72,-4.2,-0.12,60,-76.6,5,13,B+,E,C,13
ARBE,Arbe Robotics Ltd,CHIPS,Elec-Semiconductor Mfg,57,NASDAQ,7.87,-3.6,-0.29,42,-43.1,1,25,B+,E,B,31
ASX,A S E Technology Hlg Ads,CHIPS,Elec-Semiconductor Mfg,57,NYSE,7.26,1,0.07,3903,6.5,61,42,B+,B,D-,68
CLS,Celestica Inc,CHIPS,Elec-Semiconductor Mfg,57,NYSE,12.69,-1.2,-0.16,1014,149.8,58,97,B+,D,A,88
CPSH,C P S Technologies Corp,CHIPS,Elec-Semiconductor Mfg,57,NASDAQ,3.06,-4.1,-0.13,54,-84.3,47,10,B+,C,D-,31
CTS,C T S Corp,CHIPS,Elec-Semiconductor Mfg,57,NYSE,33.06,-0.8,-0.25,84,26.2,84,52,B+,B,B-,80
DIOD,Diodes Inc,CHIPS,Elec-Semiconductor Mfg,57,NASDAQ,91.91,0,0.02,222,36.6,99,84,B+,A,D,97
GFS,Globalfoundries Inc,CHIPS,Elec-Semiconductor Mfg,57,NASDAQ,50.12,0.1,0.03,1432,-21.8,60,65,B+,E,D-,63
IMOS,Chipmos Technologies Ads,CHIPS,Elec-Semiconductor Mfg,57,NASDAQ,33.79,1.2,0.39,5,-80.1,99,79,B+,B,D-,94
INDI,Indie Semiconductor Cl A,CHIPS,Elec-Semiconductor Mfg,57,NASDAQ,8.26,-0.2,-0.02,1377,-8.7,33,19,B+,-,B-,35
INTC,Intel Corp,CHIPS,Elec-Semiconductor Mfg,57,NASDAQ,49.51,1.1,0.56,29097,10.7,77,35,B+,B,C,61
LEDS,Semileds Corporation,CHIPS,Elec-Semiconductor Mfg,57,NASDAQ,3.59,-4.4,-0.17,48,-30.7,17,13,B+,E,B,27
LIDR,Aeye Inc Cl A,CHIPS,Elec-Semiconductor Mfg,57,NASDAQ,2.74,-8.4,-0.25,393,-28.3,43,4,B+,E,C+,26
MCHP,Microchip Tech,CHIPS,Elec-Semiconductor Mfg,57,NASDAQ,78.82,0.7,0.53,3114,21.9,87,77,B+,A,C,95
MRAM,Everspin Technologies,CHIPS,Elec-Semiconductor Mfg,57,NASDAQ,10.2,0.8,0.08,208,-61.2,69,99,B+,E,B+,83
MTSI,Macom Tech Solution Hldg,CHIPS,Elec-Semiconductor Mfg,57,NASDAQ,60.8,-0.8,-0.48,269,-17.9,61,48,B+,A,C,73
MX,Magnachip Semiconductor,CHIPS,Elec-Semiconductor Mfg,57,NYSE,18.32,1,0.18,349,-46.2,82,33,B+,C,C-,62
ON,O N Semiconductor Corp,CHIPS,Elec-Semiconductor Mfg,57,NASDAQ,61.22,2.6,1.57,5487,12.9,93,96,B+,B,B-,98
PI,Impinj Inc,CHIPS,Elec-Semiconductor Mfg,57,NASDAQ,78.93,-1.4,-1.11,262,-4,59,96,B+,D,B-,84
POWI,Power Integrations Inc,CHIPS,Elec-Semiconductor Mfg,57,NASDAQ,80.92,1.2,0.97,225,-34.4,91,29,B+,A,C-,78
QRVO,Qorvo Inc,CHIPS,Elec-Semiconductor Mfg,57,NASDAQ,143.58,3.3,4.59,1876,109.8,95,22,B+,A,C,74
RBCN,Rubicon Technology Inc,CHIPS,Elec-Semiconductor Mfg,57,NASDAQ,8.75,-2.1,-0.19,0,-91.5,39,33,B+,E,D-,42
RKLY,Rockley Photonics Hldgs,CHIPS,Elec-Semiconductor Mfg,57,NYSE,3.5,0.9,0.03,514,-15.5,1,4,B+,E,D,6
ROG,Rogers Corp,CHIPS,Elec-Semiconductor Mfg,57,NYSE,273,0,0,267,0,76,96,B+,B,D+,92
SKYT,Skywater Technology Inc,CHIPS,Elec-Semiconductor Mfg,57,NASDAQ,9.76,-4,-0.41,158,-39.1,6,6,B+,E,E,10
STM,Stmicroelectronics N V,CHIPS,Elec-Semiconductor Mfg,57,NYSE,47.28,0.3,0.15,3590,37.2,94,86,B+,A,C-,95
SWKS,Skyworks Solutions Inc,CHIPS,Elec-Semiconductor Mfg,57,NASDAQ,148.07,1.2,1.76,1383,5.2,84,25,B+,A,D,67
TSEM,Tower Semiconductor Ltd,CHIPS,Elec-Semiconductor Mfg,57,NASDAQ,35.21,2.3,0.79,399,0.1,70,86,B+,C,B-,91
TSM,Taiwan Semiconductor Adr,CHIPS,Elec-Semiconductor Mfg,57,NYSE,124.02,0.8,0.97,7196,-25.5,84,77,B+,A,B-,94
TXN,Texas Instruments,CHIPS,Elec-Semiconductor Mfg,57,NASDAQ,187.15,3.2,5.86,6793,101.2,89,55,B+,A,B-,89
UMC,United Microelectrnc Adr,CHIPS,Elec-Semiconductor Mfg,57,NYSE,9.8,0.1,0.01,7327,9.2,95,48,B+,A,D,89
VIAO,Via Optronics Ag Ads,CHIPS,Elec-Semiconductor Mfg,57,NYSE,8.79,7.9,0.65,4,-67.7,5,39,B+,D,C,34
WISA,Summit Wireless Tech,CHIPS,Elec-Semiconductor Mfg,57,NASDAQ,1.2,-5.2,-0.07,73,-65.2,43,5,B+,D,D-,27
WKEY,Wisekey Intl Hdg Ads ClB,CHIPS,Elec-Semiconductor Mfg,57,NASDAQ,3.43,-5.8,-0.21,186,-37,48,10,B+,E,D+,29
WOLF,Wolfspeed Inc,CHIPS,Elec-Semiconductor Mfg,57,NYSE,95.95,-1.5,-1.5,1730,34.1,36,31,B+,D,B,50
AVPT,Avepoint Inc Cl A,COMPUTER,Computer-Data Storage,74,NASDAQ,5.91,-4.3,-0.27,801,6.9,23,11,B,E,C-,25
BLZE,Backblaze Inc Cl A,COMPUTER,Computer-Data Storage,74,NASDAQ,12.83,-6,-0.82,115,-52.5,2,17,B,E,B+,26
MU,Micron Technology Inc,COMPUTER,Computer-Data Storage,74,NASDAQ,84.27,3.5,2.82,15670,-10.5,90,79,B,A,B-,93
NTAP,Netapp Inc,COMPUTER,Computer-Data Storage,74,NASDAQ,88.75,2,1.74,2070,61.6,87,86,B,A,C,90
PSTG,Pure Storage Inc Cl A,COMPUTER,Computer-Data Storage,74,NYSE,26.33,-0.9,-0.23,2404,-28.2,97,90,B,C,B-,98
QMCO,Quantum Corporation,COMPUTER,Computer-Data Storage,74,NASDAQ,4.95,-3.3,-0.17,181,-8.1,69,20,B,-,D+,36
SGH,Smart Global Holdings,COMPUTER,Computer-Data Storage,74,NASDAQ,27.85,-2.4,-0.68,641,41.9,97,92,B,A,C,99
SIMO,Silicon Motion Tech Ads,COMPUTER,Computer-Data Storage,74,NASDAQ,80.6,1.2,0.92,443,9.5,87,92,B,A,B-,96
STX,Seagate Technology Hldgs,COMPUTER,Computer-Data Storage,74,NASDAQ,110.4,2.3,2.44,1473,-11.8,90,95,B,A,B+,97
WDC,Western Digital Corp,COMPUTER,Computer-Data Storage,74,NASDAQ,53.5,1.8,0.93,3055,-3.9,69,31,B,B,E,58
CAJ,Canon Inc Adr,COMPUTER,Computer-Hardware/Perip,83,NYSE,24.11,1,0.24,175,-21.9,50,75,B-,C,B-,67
CRCT,Cricut Inc Cl A,COMPUTER,Computer-Hardware/Perip,83,NASDAQ,18.62,-4.4,-0.85,222,-20.4,83,21,B-,B,D+,59
CRSR,Corsair Gaming Inc,COMPUTER,Computer-Hardware/Perip,83,NASDAQ,19.7,-2.4,-0.49,541,-43.9,51,18,B-,B,E,31
DELL,Dell Technologies Cl C,COMPUTER,Computer-Hardware/Perip,83,NYSE,59.5,1.6,0.93,2414,-30.3,65,93,B-,A,B,91
HPQ,H P Inc,COMPUTER,Computer-Hardware/Perip,83,NYSE,38.19,1.9,0.73,8087,1.4,95,95,B-,-,B-,84
IONQ,Ionq Inc Cl A,COMPUTER,Computer-Hardware/Perip,83,NYSE,11.56,-5.3,-0.65,3512,-20.4,7,69,B-,-,B,37
LOGI,Logitech Intl Sa,COMPUTER,Computer-Hardware/Perip,83,NASDAQ,82.59,1.6,1.33,619,-25.7,62,28,B-,B,B,56
MKFG,Markforged Holding Corp,COMPUTER,Computer-Hardware/Perip,83,NYSE,4.7,-4.1,-0.2,507,-18.8,43,10,B-,E,D-,30
OSS,One Stop Systems Inc,COMPUTER,Computer-Hardware/Perip,83,NASDAQ,4.02,-0.9,-0.04,26,-70.5,90,19,B-,D,E,50
SCKT,Socket Mobile Inc,COMPUTER,Computer-Hardware/Perip,83,NASDAQ,3.7,-1.9,-0.07,9,-85.1,69,22,B-,D,E,35
SMCI,Super Micro Computer Inc,COMPUTER,Computer-Hardware/Perip,83,NASDAQ,43.62,4.6,1.92,663,356.5,77,91,B-,B,B+,94
TACT,Transact Tech Inc,COMPUTER,Computer-Hardware/Perip,83,NASDAQ,9.26,-3.9,-0.38,11,-44.3,21,21,B-,E,C,31
XRX,Xerox Holdings Corp,COMPUTER,Computer-Hardware/Perip,83,NASDAQ,22.1,0.2,0.04,2410,12.7,28,72,B-,D,E,45
AGYS,Agilysys Inc,COMPUTER,Computer-Integrated Syst,190,NASDAQ,37.24,-3.9,-1.52,69,18.9,20,25,E,B,B-,27
CYN,Cyngn Inc,COMPUTER,Computer-Integrated Syst,190,NASDAQ,1.49,-9.5,-0.16,248,-58.1,22,1,E,E,B-,8
DBD,Diebold Nixdorf Inc,COMPUTER,Computer-Integrated Syst,190,NYSE,9.27,-2.8,-0.27,418,-7.2,34,30,E,-,D-,22
GET,Getnet Adquirencia e Ads,COMPUTER,Computer-Integrated Syst,190,NASDAQ,1.25,-2.3,-0.03,58,-59.2,24,21,E,C,D-,21
NATI,National Instrument Corp,COMPUTER,Computer-Integrated Syst,190,NASDAQ,41.72,0.5,0.2,682,31.1,84,55,E,B,B+,76
NCR,N C R Corp,COMPUTER,Computer-Integrated Syst,190,NYSE,38.67,-0.6,-0.23,404,-55.9,72,39,E,B,D-,59
OMQS,Omniq Corp,COMPUTER,Computer-Integrated Syst,190,NASDAQ,6.16,-1.3,-0.08,8,-69.1,14,10,E,E,D-,9
PAR,Par Technology Corp,COMPUTER,Computer-Integrated Syst,190,NYSE,36.3,-3.3,-1.25,670,112,2,11,E,D,D,9
QUMU,Qumu Corp,COMPUTER,Computer-Integrated Syst,190,NASDAQ,1.95,-1.5,-0.03,11,-84.8,6,17,E,E,E,1
SGLB,Sigma Labs Inc,COMPUTER,Computer-Integrated Syst,190,NASDAQ,2.23,0.1,0,28,-72.1,43,16,E,E,B-,25
TKAT,Takung Art Co Ltd,COMPUTER,Computer-Integrated Syst,190,AMEX,2.9,-4.1,-0.12,168,-89.5,5,10,E,D,D-,4
ALLT,Allot Ltd,COMPUTER,Computer-Networking,33,NASDAQ,9.11,-5.7,-0.55,251,76.5,44,14,A-,D,D-,36
ANET,Arista Networks Inc,COMPUTER,Computer-Networking,33,NYSE,125.42,0.9,1.12,1418,-10.6,91,96,A-,A,B-,97
BOSC,B O S Better Online Sol,COMPUTER,Computer-Networking,33,NASDAQ,2.63,0.4,0.01,9,-43.5,35,25,A-,D,D+,35
CAMP,Calamp Corp,COMPUTER,Computer-Networking,33,NASDAQ,5.89,-1.9,-0.12,150,-35.1,34,10,A-,D,D,27
CSCO,Cisco Systems Inc,COMPUTER,Computer-Networking,33,NASDAQ,56.29,1.7,0.92,15911,2.6,67,77,A-,A,D-,80
DGII,Digi International Inc,COMPUTER,Computer-Networking,33,NASDAQ,22.16,0.2,0.05,129,75.7,68,83,A-,B,B+,89
DTSS,Datasea Inc,COMPUTER,Computer-Networking,33,NASDAQ,1.23,-3.1,-0.04,31,-78.5,10,8,A-,E,B-,27
EXTR,Extreme Networks Inc,COMPUTER,Computer-Networking,33,NASDAQ,12.54,0.4,0.05,879,-20.1,66,92,A-,A,D-,91
IOT,Samsara Inc Cl A,COMPUTER,Computer-Networking,33,NYSE,21.5,1.3,0.28,2245,10.8,41,29,A-,-,-,43
JNPR,Juniper Networks Inc,COMPUTER,Computer-Networking,33,NYSE,34.54,1.5,0.5,3807,30.9,49,93,A-,B,B,84
LTRX,Lantronix Inc,COMPUTER,Computer-Networking,33,NASDAQ,7.09,-1.1,-0.08,70,-69.1,91,89,A-,B,B,97
MINM,Minim Inc,COMPUTER,Computer-Networking,33,NASDAQ,1.27,0.4,0.01,8,-92.8,47,9,A-,D,E,32
NTGR,Netgear Inc,COMPUTER,Computer-Networking,33,NASDAQ,28.14,1.9,0.53,207,16,44,25,A-,B,B-,51
RDWR,Radware Limited,COMPUTER,Computer-Networking,33,NASDAQ,34.26,-0.7,-0.25,127,-55.1,93,86,A-,C,C,94
SANG,Sangoma Technologies Crp,COMPUTER,Computer-Networking,33,NASDAQ,14,0,0,0,0,8,25,A-,C,-,40
SILC,Silicom Ltd,COMPUTER,Computer-Networking,33,NASDAQ,44.64,-0.8,-0.37,11,-36.2,56,69,A-,B,D,73
SWIR,Sierra Wireless Inc,COMPUTER,Computer-Networking,33,NASDAQ,15.32,3.1,0.46,144,-12.8,24,29,A-,E,D-,33
BOXL,Boxlight Corp,CONSUMER,Consumer Prod-Electronic,194,NASDAQ,1.1,-3.5,-0.04,358,-67.8,56,9,E,D,E,23
DSWL,Deswell Industries Inc,CONSUMER,Consumer Prod-Electronic,194,NASDAQ,3.77,0,0,8,3.2,69,52,E,B,D,58
GPRO,Gopro Inc Cl A,CONSUMER,Consumer Prod-Electronic,194,NASDAQ,9.1,-1.6,-0.15,2195,9.1,67,48,E,C,D,56
GRMN,Garmin Ltd,CONSUMER,Consumer Prod-Electronic,194,NYSE,127.4,1.6,2.04,778,33.1,84,33,E,B,E,48
HEAR,Turtle Beach Corporation,CONSUMER,Consumer Prod-Electronic,194,NASDAQ,20.71,-3.3,-0.7,413,33.5,26,21,E,B,D-,19
KOSS,Koss Corp,CONSUMER,Consumer Prod-Electronic,194,NASDAQ,8.35,-2.6,-0.22,35,-72.1,27,8,E,D,C-,8
MSN,Emerson Radio Corp,CONSUMER,Consumer Prod-Electronic,194,AMEX,0.75,-3.2,-0.03,24,-78.6,38,14,E,D,B-,19
NN,Nextnav Inc,CONSUMER,Consumer Prod-Electronic,194,NASDAQ,7.48,0.3,0.02,16,-87.7,4,20,E,-,D+,9
POLY,Plantronics Inc,CONSUMER,Consumer Prod-Electronic,194,NYSE,27.42,1.7,0.45,210,-3.4,53,28,E,B,C+,30
SONO,Sonos Inc,CONSUMER,Consumer Prod-Electronic,194,NASDAQ,25.53,-0.2,-0.05,1827,-10.8,30,21,E,B,D-,24
UEIC,Universal Electronics,CONSUMER,Consumer Prod-Electronic,194,NASDAQ,35.14,-1.5,-0.53,19,-41.2,66,20,E,C,B+,38
VZIO,Vizio Holding Corp Cl A,CONSUMER,Consumer Prod-Electronic,194,NYSE,14.42,-1.1,-0.16,382,-27.7,8,17,E,B,C,20
ZEPP,Zepp Health Corp Ads,CONSUMER,Consumer Prod-Electronic,194,NYSE,4.68,-5.9,-0.29,61,-70.2,77,8,E,C,C,27
ACB,Aurora Cannabis Inc,CONSUMER,Consumer Prod-Specialty,174,NASDAQ,4.26,-4.8,-0.22,3651,-25.8,53,11,D-,E,D-,14
AFCG,Afc Gamma Inc,CONSUMER,Consumer Prod-Specialty,174,NASDAQ,20.04,-0.6,-0.12,87,-50.2,40,33,D-,-,D-,41
CBAT,Cbak Energy Tech Inc,CONSUMER,Consumer Prod-Specialty,174,NASDAQ,1.15,-7.3,-0.09,581,-57.2,69,3,D-,C,D+,24
CENT,Central Garden & Pet Co,CONSUMER,Consumer Prod-Specialty,174,NASDAQ,46.7,-0.4,-0.2,36,-1.2,52,37,D-,B,D+,43
CENTA,Central Garden Pet Cl A,CONSUMER,Consumer Prod-Specialty,174,NASDAQ,43.46,-0.7,-0.29,132,24.9,51,48,D-,B,B-,55
CGC,Canopy Growth Corp,CONSUMER,Consumer Prod-Specialty,174,NASDAQ,8.02,-6,-0.52,5417,-15.5,56,6,D-,D,C+,23
CLVR,Clever Leaves Holdings,CONSUMER,Consumer Prod-Specialty,174,NASDAQ,2.06,-6.8,-0.15,110,-49.1,20,1,D-,E,D-,1
CMPO,Composecure Inc Cl A,CONSUMER,Consumer Prod-Specialty,174,NASDAQ,8.24,-1.1,-0.1,47,-65.9,39,25,D-,-,D,33
CRON,Cronos Group Inc,CONSUMER,Consumer Prod-Specialty,174,NASDAQ,3.72,-3,-0.12,882,-63.3,39,10,D-,C,D,24
CRWS,Crown Crafts Inc,CONSUMER,Consumer Prod-Specialty,174,NASDAQ,7,1.1,0.08,21,35.9,48,52,D-,B,D-,47
CTIB,Yunhong Cti Ltd,CONSUMER,Consumer Prod-Specialty,174,NASDAQ,0.92,-5.1,-0.05,133,7.1,30,8,D-,E,B+,15
ENR,Energizer Holdings Inc,CONSUMER,Consumer Prod-Specialty,174,NYSE,37.2,0.4,0.14,456,22.4,76,31,D-,B,C-,49
FLGC,Flora Growth Corp,CONSUMER,Consumer Prod-Specialty,174,NASDAQ,1.7,-3.7,-0.07,648,-60.2,5,2,D-,E,D+,3
GNLN,Greenlane Holdings Cl A,CONSUMER,Consumer Prod-Specialty,174,NASDAQ,0.7,-11.4,-0.09,1141,10.8,44,1,D-,E,C-,15
GRVI,Grove Inc,CONSUMER,Consumer Prod-Specialty,174,NASDAQ,4.45,-1.8,-0.08,32,-61.1,69,25,D-,A,B,59
HEXO,Hexo Corp,CONSUMER,Consumer Prod-Specialty,174,NASDAQ,0.66,3.6,0.02,13816,73.2,12,1,D-,D,D,8
HITI,High Tide Inc,CONSUMER,Consumer Prod-Specialty,174,NASDAQ,4.09,-4.9,-0.21,103,-39,15,14,D-,D,E,15
HUGE,Fsd Pharma Inc Cl B,CONSUMER,Consumer Prod-Specialty,174,NASDAQ,0.86,-0.6,-0.01,80,-56.7,43,9,D-,D,D,20
IMCC,I M Cannabis Corp,CONSUMER,Consumer Prod-Specialty,174,NASDAQ,2.02,-7.3,-0.16,105,-85.7,10,11,D-,D,E,5
INCR,Intercure Ltd,CONSUMER,Consumer Prod-Specialty,174,NASDAQ,6.31,-1.1,-0.07,9,-70.2,30,42,D-,C,D+,38
NEPT,Neptune Well Sol Inc,CONSUMER,Consumer Prod-Specialty,174,NASDAQ,0.31,-0.3,0,474,-54.3,28,4,D-,E,D-,2
ODC,Oil Dri Corp America,CONSUMER,Consumer Prod-Specialty,174,NYSE,33.35,-1.3,-0.43,11,-38.4,29,52,D-,C,B+,49
OGI,Organigram Holdings Inc,CONSUMER,Consumer Prod-Specialty,174,NASDAQ,1.54,-4.7,-0.08,3347,-45.8,49,18,D-,E,B+,32
SNDL,Sundial Growers Inc,CONSUMER,Consumer Prod-Specialty,174,NASDAQ,0.49,-1.4,-0.01,51173,-34.3,61,15,D-,E,C,25
SUMR,Summer Infant Inc,CONSUMER,Consumer Prod-Specialty,174,NASDAQ,8.98,-2.4,-0.23,2,-45.7,18,27,D-,C,D-,16
TLRY,Tilray Brands Inc Cl 2,CONSUMER,Consumer Prod-Specialty,174,NASDAQ,5.99,-3.7,-0.23,13923,-34.4,48,6,D-,D,D-,18
ULBI,Ultralife Corp,CONSUMER,Consumer Prod-Specialty,174,NASDAQ,5.21,-4.4,-0.24,36,14.9,27,24,D-,D,D-,13
VLNS,Valens Company Inc,CONSUMER,Consumer Prod-Specialty,174,NASDAQ,1.85,-6.3,-0.13,71,4.2,4,3,D-,E,E,2
VUZI,Vuzix Corporation,CONSUMER,Consumer Prod-Specialty,174,NASDAQ,6.36,-6.2,-0.42,1188,-44.2,24,8,D-,D,D,9
YCBD,Cbdmd Inc,CONSUMER,Consumer Prod-Specialty,174,AMEX,1.02,-4.7,-0.05,207,-82.4,51,6,D-,E,D-,13
AACG,A T A Creativity Glb Ads,CONSUMER,Consumer Svcs-Education,159,NASDAQ,1.62,0.6,0.01,375,-22,30,19,D,D,D-,16
AFYA,Afya Limited Cl A,CONSUMER,Consumer Svcs-Education,159,NASDAQ,14.46,-1.6,-0.24,301,1.6,64,20,D,B,A-,56
AMBO,Ambow Education Hldg Ads,CONSUMER,Consumer Svcs-Education,159,AMEX,0.76,0,0,350,258.8,39,6,D,E,B-,22
APEI,American Public Educ Inc,CONSUMER,Consumer Svcs-Education,159,NASDAQ,20.78,-3.3,-0.7,20,-64.6,19,22,D,C,D+,24
ASPU,Aspen Group Inc,CONSUMER,Consumer Svcs-Education,159,NASDAQ,1.99,-9.4,-0.21,126,-54.8,4,3,D,D,C-,6
ATGE,Adtalem Global Education,CONSUMER,Consumer Svcs-Education,159,NYSE,28.5,-3.1,-0.91,188,-18.8,54,25,D,B,B-,51
BEDU,Bright Scholar Edu Hldgs,CONSUMER,Consumer Svcs-Education,159,NYSE,0.98,-3.1,-0.03,22,-50.7,11,1,D,E,E,4
BFAM,Bright Horizns Fam Solns,CONSUMER,Consumer Svcs-Education,159,NYSE,127.76,0,0,209,-37.4,59,25,D,C,B+,52
CHGG,Chegg Inc,CONSUMER,Consumer Svcs-Education,159,NYSE,25.98,-4.6,-1.26,1388,-55.3,93,9,D,A,C-,48
CLEU,China Liberal Edu Hldgs,CONSUMER,Consumer Svcs-Education,159,NASDAQ,0.89,0.5,0,759,81.6,87,2,D,C,D,28
COE,China OnlineEdu Cl A Ads,CONSUMER,Consumer Svcs-Education,159,NYSE,0.94,8.6,0.07,92,-50.5,9,1,D,-,D+,2
EDTK,Skillful Craftsman EduTh,CONSUMER,Consumer Svcs-Education,159,NASDAQ,1.32,-8.3,-0.12,455,4.8,17,25,D,C,B-,21
EDU,New Orientl Edu&Tech Ads,CONSUMER,Consumer Svcs-Education,159,NYSE,1.41,-0.4,-0.01,12375,-49.1,55,6,D,B,C,31
EEIQ,Elite Edu Group Intl Ltd,CONSUMER,Consumer Svcs-Education,159,NASDAQ,2.93,-2.3,-0.07,12,-51.6,8,18,D,C,B,14
FC,Franklin Covey Company,CONSUMER,Consumer Svcs-Education,159,NYSE,46.25,-0.4,-0.19,29,-17.2,68,96,D,B,B+,88
FEDU,Four Seasons Ed(Cymn)Ads,CONSUMER,Consumer Svcs-Education,159,NYSE,0.66,-3.1,-0.02,0,-98.9,11,14,D,E,B-,13
FHS,First High Schl Edu Cl A,CONSUMER,Consumer Svcs-Education,159,NYSE,1.58,-0.6,-0.01,78,-49,24,4,D,B,C+,21
GOTU,Gaotu Techedu Inc Cl A,CONSUMER,Consumer Svcs-Education,159,NYSE,1.84,-1.9,-0.04,2024,-63,8,3,D,D,B,12
HLG,Hailiang Edu Group Ads,CONSUMER,Consumer Svcs-Education,159,NASDAQ,11,3.5,0.37,2,-50.5,74,1,D,B,D+,34
IH,Ihuman Inc Ads Cl A,CONSUMER,Consumer Svcs-Education,159,NYSE,2.59,-5.3,-0.14,20,-19.8,14,3,D,C,D,10
KUKE,Kuke Music Hldg Cl A Ads,CONSUMER,Consumer Svcs-Education,159,NYSE,4.14,-3.3,-0.14,14,-81,69,20,D,C,C+,40
LAIX,Laix Inc Ads Cl A,CONSUMER,Consumer Svcs-Education,159,NYSE,0.5,-0.3,0,9,-90.7,69,5,D,-,D-,15
LAUR,Laureate Education Inc,CONSUMER,Consumer Svcs-Education,159,NASDAQ,12.35,0.8,0.1,570,-35.1,25,98,D,D,A,72
LINC,Lincoln Educational Svcs,CONSUMER,Consumer Svcs-Education,159,NASDAQ,6.97,3.9,0.26,84,5.7,64,55,D,B,C-,67
LOPE,Grand Canyon Education,CONSUMER,Consumer Svcs-Education,159,NASDAQ,82.22,-1.1,-0.91,257,-0.3,71,42,D,A,B,58
LRN,Stride Inc,CONSUMER,Consumer Svcs-Education,159,NYSE,36.03,-0.1,-0.04,239,-35,84,90,D,B,B+,89
LXEH,Lixiang Education Hldgs,CONSUMER,Consumer Svcs-Education,159,NASDAQ,7,20.7,1.2,0,-89,24,15,D,B,E,25
METX,Meten Holding Group Ltd,CONSUMER,Consumer Svcs-Education,159,NASDAQ,0.18,-3,-0.01,5786,-69,8,1,D,-,B-,1
NEW,Puxin Limited Ads,CONSUMER,Consumer Svcs-Education,159,NYSE,2.15,-3.6,-0.08,408,-19.7,10,1,D,E,D-,5
ONE,Onesmart Intl Cl A Ads,CONSUMER,Consumer Svcs-Education,159,NYSE,4.29,-1.6,-0.07,122,-43.6,10,2,D,E,E,1
PRDO,Perdoceo Education Corp,CONSUMER,Consumer Svcs-Education,159,NASDAQ,10.99,-1.1,-0.12,239,-36.6,87,52,D,B,B-,69
PWSC,Powerschool Hldg Cl A,CONSUMER,Consumer Svcs-Education,159,NYSE,16.45,-2.2,-0.38,244,-40.1,22,25,D,D,B,31
REDU,Rise Education,CONSUMER,Consumer Svcs-Education,159,NASDAQ,0.5,-1,-0.01,494,-16.2,35,4,D,D,C+,19
RYB,R Y B Education Cl A Ads,CONSUMER,Consumer Svcs-Education,159,NYSE,1.75,2.9,0.05,30,62.9,57,14,D,D,D,31
SKIL,Skillsoft Corp,CONSUMER,Consumer Svcs-Education,159,NYSE,7.04,-7.2,-0.55,203,-45.6,20,19,D,C,D,29
STG,Sunlands Tech Group Ads,CONSUMER,Consumer Svcs-Education,159,NYSE,4.42,6.8,0.28,1,-97.4,69,11,D,-,B+,32
STRA,Strategic Education Inc,CONSUMER,Consumer Svcs-Education,159,NASDAQ,58.61,-2.8,-1.67,96,-33.9,56,24,D,B,B-,42
TAL,T A L Education Gp A Ads,CONSUMER,Consumer Svcs-Education,159,NYSE,2.97,4.9,0.14,14811,42.4,15,3,D,C,B-,16
TEDU,Tarena Intl Inc Cl A Adr,CONSUMER,Consumer Svcs-Education,159,NASDAQ,2.27,-1.7,-0.04,34,-82.2,22,2,D,E,C-,5
UTI,Universal Technical Inst,CONSUMER,Consumer Svcs-Education,159,NYSE,7.53,0.4,0.03,82,12.9,70,89,D,C,B-,78
VSTA,Vasta Platform Ltd Cl A,CONSUMER,Consumer Svcs-Education,159,NASDAQ,5.16,-1,-0.05,40,-81.2,4,29,D,E,B,16
VTRU,Vitru Ltd,CONSUMER,Consumer Svcs-Education,159,NASDAQ,15,-1.3,-0.2,11,-48.4,53,87,D,B,B-,72
WAFU,Wah Fu Education Group,CONSUMER,Consumer Svcs-Education,159,NASDAQ,3.18,6,0.18,26,7.4,69,6,D,B,C,35
YQ,17 Edu & Techno Grp Cl A,CONSUMER,Consumer Svcs-Education,159,NASDAQ,1.06,-6.2,-0.07,44,-84.1,50,1,D,-,E,10
ZME,Zhangmen Edu Inc Ads ClA,CONSUMER,Consumer Svcs-Education,159,NYSE,1.62,-4.9,-0.08,22,-85.7,1,1,D,-,D-,2
ZVO,Zovio Inc,CONSUMER,Consumer Svcs-Education,159,NASDAQ,1.26,-2.3,-0.03,250,139.9,8,9,D,E,B-,7
BON,Bon Natural Life Ltd,CONSUMER,Cosmetics/Personal Care,100,NASDAQ,3.3,-0.3,-0.01,8,-96.7,64,6,C+,A,B,49
BRBR,Bellring Brands Inc Cl A,CONSUMER,Cosmetics/Personal Care,100,NYSE,24.14,-1.8,-0.45,362,-28.4,49,37,C+,-,C+,41
CL,Colgate Palmolive Co,CONSUMER,Cosmetics/Personal Care,100,NYSE,82.81,1.1,0.87,3852,23.1,54,79,C+,A,D-,67
COTY,Coty Inc,CONSUMER,Cosmetics/Personal Care,100,NYSE,8.49,-0.9,-0.08,4709,-13.7,14,72,C+,C,C-,62
CYAN,Cyanotech Corp,CONSUMER,Cosmetics/Personal Care,100,NASDAQ,2.86,-0.3,-0.01,1,-96.7,69,32,C+,C,D-,46
EL,Estee Lauder Cos Cl A,CONSUMER,Cosmetics/Personal Care,100,NYSE,318.57,1.1,3.55,1739,77.4,88,75,C+,A,D-,82
ELF,E L F Beauty Inc,CONSUMER,Cosmetics/Personal Care,100,NYSE,29.63,-0.5,-0.15,536,110.9,85,75,C+,A,D-,80
EPC,Edgewell Personal Care,CONSUMER,Cosmetics/Personal Care,100,NYSE,44.76,0.6,0.26,369,50.3,75,93,C+,C,B-,82
EWCZ,European Wax Center Cl A,CONSUMER,Cosmetics/Personal Care,100,NASDAQ,25.23,1,0.26,191,-21.5,69,72,C+,C,D,69
HAPP,Happiness Dvlp Grp Cl A,CONSUMER,Cosmetics/Personal Care,100,NASDAQ,0.44,-3.3,-0.01,126,-77.8,8,3,C+,C,E,17
HELE,Helen Of Troy Ltd,CONSUMER,Cosmetics/Personal Care,100,NASDAQ,206.38,-1.5,-3.1,100,-8.3,64,37,C+,B,D,58
HLF,Herbalife Nutrition Ltd,CONSUMER,Cosmetics/Personal Care,100,NYSE,41.67,-0.8,-0.32,708,-5.4,82,32,C+,-,D+,48
HNST,The Honest Company Inc,CONSUMER,Cosmetics/Personal Care,100,NASDAQ,6.64,-2.1,-0.14,982,-35.8,2,8,C+,E,C-,10
IFF,Intl Flavors & Fragrance,CONSUMER,Cosmetics/Personal Care,100,NYSE,133.21,-0.7,-0.89,548,-27.8,37,44,C+,B,D-,58
IPAR,Inter Parfums Inc,CONSUMER,Cosmetics/Personal Care,100,NASDAQ,97.27,-2,-1.97,42,-39.8,90,95,C+,B,A+,97
KMB,Kimberly-Clark Corp,CONSUMER,Cosmetics/Personal Care,100,NYSE,135.81,-1.1,-1.46,2062,65,48,75,C+,B,D,63
LFVN,Lifevantage Corporation,CONSUMER,Cosmetics/Personal Care,100,NASDAQ,5.33,-18.5,-1.21,214,441.1,71,30,C+,C,C,49
MED,Medifast Inc,CONSUMER,Cosmetics/Personal Care,100,NYSE,194.2,-2.2,-4.43,81,5.2,98,29,C+,A,C-,73
MOHO,Ecmoho Ltd Class A ADS,CONSUMER,Cosmetics/Personal Care,100,NASDAQ,0.33,4.8,0.01,217,-40.3,39,2,C+,E,E,7
MTEX,Mannatech Inc,CONSUMER,Cosmetics/Personal Care,100,NASDAQ,34,2.6,0.87,3,-47.9,69,97,C+,C,D-,72
NAII,Natural Alternatives,CONSUMER,Cosmetics/Personal Care,100,NASDAQ,13.27,-0.2,-0.03,9,-54.6,69,42,C+,B,E,54
NATR,Natures Sunshine Prod,CONSUMER,Cosmetics/Personal Care,100,NASDAQ,17.59,-2.4,-0.44,68,44.7,27,81,C+,B,A-,71
NHTC,Natural Health Trends,CONSUMER,Cosmetics/Personal Care,100,NASDAQ,7.5,1.4,0.1,25,38.8,36,81,C+,E,C,58
NTCO,Natura &Co Hldg S A Adr,CONSUMER,Cosmetics/Personal Care,100,NYSE,8.32,-5.3,-0.47,1633,29.8,64,9,C+,C,D,32
NUS,Nu Skin Enterprises Inc,CONSUMER,Cosmetics/Personal Care,100,NYSE,51.56,1,0.5,397,10.4,61,83,C+,B,E,66
OLPX,Olaplex Holdings Inc,CONSUMER,Cosmetics/Personal Care,100,NASDAQ,21.75,-1.7,-0.37,578,-61,66,29,C+,A,E,63
PBH,Prestige Consumer Hlthcr,CONSUMER,Cosmetics/Personal Care,100,NYSE,58.31,3,1.69,311,159.2,87,88,C+,B,B-,90
PG,Procter & Gamble,CONSUMER,Cosmetics/Personal Care,100,NYSE,162.63,1.8,2.89,5347,-9.2,63,90,C+,A,B-,85
PRPH,Prophase Labs Inc,CONSUMER,Cosmetics/Personal Care,100,NASDAQ,6.82,-2.6,-0.18,5,-87,4,85,C+,C,B-,53
REV,Revlon Inc,CONSUMER,Cosmetics/Personal Care,100,NYSE,9.92,-1,-0.1,67,-16.8,22,39,C+,-,E,24
SKIN,Beauty Health Co Cl A,CONSUMER,Cosmetics/Personal Care,100,NASDAQ,13.78,-3.6,-0.52,1662,-7.5,39,26,C+,D,E,32
TKLF,Yoshitsu Co Ltd Ads,CONSUMER,Cosmetics/Personal Care,100,NASDAQ,3.53,-1.1,-0.04,7005,-31.6,50,1,C+,A,-,35
USNA,U S A N A Health Science,CONSUMER,Cosmetics/Personal Care,100,NYSE,94.63,-1.3,-1.22,32,-2.2,73,75,C+,A,C+,76
WW,W W International Inc,CONSUMER,Cosmetics/Personal Care,100,NASDAQ,12.56,-2.7,-0.36,774,-27.4,51,11,C+,-,D-,17
YSG,Yatsen Holding Cl A Ads,CONSUMER,Cosmetics/Personal Care,100,NYSE,1.54,-9.2,-0.16,1708,-32.3,15,2,C+,D,C-,14
CSV,Carriage Services Inc,CONSUMER,Funeral Svcs & Rel,60,NYSE,49.21,-1.2,-0.62,86,-33.5,80,94,B+,B,B-,94
HI,Hillenbrand Inc,CONSUMER,Funeral Svcs & Rel,60,NYSE,46.83,0.6,0.3,225,8.8,77,69,B+,A,C-,80
MATW,Matthews Intl Corp,CONSUMER,Funeral Svcs & Rel,60,NASDAQ,34.5,-1,-0.35,114,33,49,48,B+,B,C,63
SCI,Service Corp Intl,CONSUMER,Funeral Svcs & Rel,60,NYSE,63.07,2,1.22,442,-18.2,95,72,B+,A,B-,94
STON,Stonemor Inc,CONSUMER,Funeral Svcs & Rel,60,NYSE,2.5,2.9,0.07,88,10.7,19,44,B+,-,C+,34
ATER,Aterian Inc,CONSUMER,Hsehold-Appliances/Wares,167,NASDAQ,3.36,-2.9,-0.1,1915,-41.9,1,3,D,E,B+,6
BWMX,Betterware deMexico SAB,CONSUMER,Hsehold-Appliances/Wares,167,NASDAQ,22.61,0.2,0.05,101,8.7,69,15,D,A,C-,53
COOK,Traeger Inc,CONSUMER,Hsehold-Appliances/Wares,167,NYSE,9.76,-6.2,-0.64,1083,39.4,11,7,D,B,D,15
HBB,Hamilton Beach Bran Cl A,CONSUMER,Hsehold-Appliances/Wares,167,NYSE,13,-5.6,-0.77,25,68.3,54,22,D,B,C,38
IRBT,Irobot Corp,CONSUMER,Hsehold-Appliances/Wares,167,NASDAQ,65.14,-0.9,-0.58,241,-19.6,52,18,D,B,D,30
LCUT,Lifetime Brands Inc,CONSUMER,Hsehold-Appliances/Wares,167,NASDAQ,14.34,-3.2,-0.48,12,-38.6,40,44,D,C,E,35
MIDD,Middleby Corp,CONSUMER,Hsehold-Appliances/Wares,167,NASDAQ,185.76,-0.5,-0.99,141,-50.6,85,84,D,A,B-,88
NWL,Newell Brands Inc,CONSUMER,Hsehold-Appliances/Wares,167,NASDAQ,23.54,0.3,0.08,2069,-6.9,48,39,D,B,A-,53
TUP,Tupperware Brands Corp,CONSUMER,Hsehold-Appliances/Wares,167,NYSE,15.07,-2.3,-0.36,256,-48.2,49,15,D,-,C,22
VIOT,Viomi Tech Co Cl A Ads,CONSUMER,Hsehold-Appliances/Wares,167,NASDAQ,2.13,-5.8,-0.13,132,-58.3,73,4,D,B,C+,26
WBT,Welbilt Inc,CONSUMER,Hsehold-Appliances/Wares,167,NYSE,23.78,0,0,837,-4.2,66,91,D,C,B-,83
WEBR,Weber Inc Cl A,CONSUMER,Hsehold-Appliances/Wares,167,NYSE,10.99,-0.2,-0.02,266,-28.4,80,16,D,-,D,30
WHR,Whirlpool Corp,CONSUMER,Hsehold-Appliances/Wares,167,NYSE,210.62,1,2.14,387,-11.3,59,48,D,B,E,50
BSET,Bassett Furniture Inds,CONSUMER,Hsehold/Office Furniture,162,NASDAQ,17.75,-0.9,-0.16,105,77.3,35,28,D,C,D,27
CIX,Compx Intl Inc,CONSUMER,Hsehold/Office Furniture,162,AMEX,22.55,2.2,0.48,1,-64.1,85,90,D,C,C,83
FLXS,Flexsteel Industries Inc,CONSUMER,Hsehold/Office Furniture,162,NASDAQ,23.62,-4.7,-1.17,16,-32.8,10,20,D,B,C+,29
HNI,H N I Corporation,CONSUMER,Hsehold/Office Furniture,162,NYSE,41.5,-1.2,-0.5,69,-23.1,50,87,D,C,C-,65
HOFT,Hooker Furnishings Corp,CONSUMER,Hsehold/Office Furniture,162,NASDAQ,22.55,0.4,0.09,28,-24.4,25,20,D,D,C-,19
KBAL,Kimball Intl Inc Cl B,CONSUMER,Hsehold/Office Furniture,162,NASDAQ,9.84,-1.5,-0.15,50,-52.7,13,24,D,E,D,14
KEQU,Kewaunee Scientific Corp,CONSUMER,Hsehold/Office Furniture,162,NASDAQ,14.76,-0.9,-0.13,6,151.9,2,91,D,E,B+,51
LEG,Leggett & Platt Inc,CONSUMER,Hsehold/Office Furniture,162,NYSE,39.33,-1.9,-0.77,1195,19.6,63,30,D,B,B,51
MLKN,Millerknoll Inc,CONSUMER,Hsehold/Office Furniture,162,NASDAQ,38.16,-1.5,-0.6,230,-36.5,39,52,D,B,D-,45
NL,N L Industries,CONSUMER,Hsehold/Office Furniture,162,NYSE,6.95,0.5,0.04,27,71.4,42,91,D,C,C+,74
NTZ,Natuzzi Spa Adr,CONSUMER,Hsehold/Office Furniture,162,NYSE,11.45,2.8,0.31,15,112.3,41,20,D,D,E,24
NVFY,Nova Lifestyle Inc,CONSUMER,Hsehold/Office Furniture,162,NASDAQ,1.7,6.3,0.1,74,45,24,15,D,E,C,11
PRPL,Purple Innovation Cl A,CONSUMER,Hsehold/Office Furniture,162,NASDAQ,7.56,-11.1,-0.94,1739,4,8,2,D,B,C-,8
SCS,Steelcase Inc,CONSUMER,Hsehold/Office Furniture,162,NYSE,12.26,-0.6,-0.07,631,1.9,23,42,D,E,C,31
TPX,Tempur Sealy Intl Inc,CONSUMER,Hsehold/Office Furniture,162,NYSE,40.19,0.1,0.04,914,-39.8,92,77,D,A,D-,86
VIRC,Virco Manufacturing Co,CONSUMER,Hsehold/Office Furniture,162,NASDAQ,3,-0.3,-0.01,1,-79.8,18,42,D,E,D-,23
BBIG,Vinco Ventures Inc,CONSUMER,Leisure-Toys/Games/Hobby,142,NASDAQ,3.36,-4.1,-0.15,23072,-31.4,1,69,D+,E,B-,27
BHAT,BlueHat Interact Ent Tch,CONSUMER,Leisure-Toys/Games/Hobby,142,NASDAQ,0.37,0.3,0,122,-85.9,68,5,D+,A,D-,34
FNKO,Funko Inc Cl A,CONSUMER,Leisure-Toys/Games/Hobby,142,NASDAQ,17.5,-0.9,-0.16,207,-33.3,81,81,D+,B,B-,79
HAS,Hasbro Inc,CONSUMER,Leisure-Toys/Games/Hobby,142,NASDAQ,95.37,0.9,0.84,802,35.8,64,55,D+,B,C+,68
JAKK,Jakks Pacific Inc,CONSUMER,Leisure-Toys/Games/Hobby,142,NASDAQ,9.43,3.7,0.34,45,-48.9,44,27,D+,E,B-,31
MAT,Mattel Inc,CONSUMER,Leisure-Toys/Games/Hobby,142,NASDAQ,21.53,0.8,0.17,1657,-32.1,39,75,D+,B,B,71
YVR,Liquid Media Group Ltd,CONSUMER,Leisure-Toys/Games/Hobby,142,NASDAQ,0.77,-8.9,-0.08,99,-78,23,6,D+,E,D-,2
CHD,Church & Dwight Inc,CONSUMER,Soap & Clng Preparatns,114,NYSE,103.33,1.2,1.18,1309,7.5,85,91,C,B,C-,84
CLX,Clorox Co,CONSUMER,Soap & Clng Preparatns,114,NYSE,167.04,-1,-1.71,909,-5.9,42,48,C,B,C-,51
DSEY,Diversey Holdings Ltd,CONSUMER,Soap & Clng Preparatns,114,NASDAQ,11.45,0.1,0.01,643,-1.5,34,17,C,-,C+,31
ECL,Ecolab Inc,CONSUMER,Soap & Clng Preparatns,114,NYSE,192.44,0.4,0.78,977,23.7,76,29,C,B,D-,56
OBCI,Ocean Bio Chem Inc,CONSUMER,Soap & Clng Preparatns,114,NASDAQ,9.5,0,0,4,-50.1,62,27,C,B,C-,52
BHE,Benchmark Electronics,ELECTRNCS,Elec-Contract Mfg,98,NYSE,24.17,0.3,0.08,177,91.8,69,37,C+,D,D-,50
ELTK,Eltek Ltd,ELECTRNCS,Elec-Contract Mfg,98,NASDAQ,3.83,-4.3,-0.17,11,6.5,13,17,C+,C,C+,25
FLEX,Flex Ltd,ELECTRNCS,Elec-Contract Mfg,98,NASDAQ,16.78,2.4,0.4,4511,45.2,72,39,C+,B,E,52
FN,Fabrinet,ELECTRNCS,Elec-Contract Mfg,98,NYSE,102.21,0.6,0.59,497,261.9,88,83,C+,B,C,89
JBL,Jabil Inc,ELECTRNCS,Elec-Contract Mfg,98,NYSE,63.14,1.5,0.94,1034,24.4,93,89,C+,B,E,82
KE,Kimball Electronics Inc,ELECTRNCS,Elec-Contract Mfg,98,NASDAQ,19.27,-1.2,-0.24,44,-33.4,63,25,C+,C,C,44
KTCC,Key Tronic Corp,ELECTRNCS,Elec-Contract Mfg,98,NASDAQ,5.99,-4.3,-0.27,109,528.5,23,31,C+,C,D,33
LWLG,Lightwave Logic Inc,ELECTRNCS,Elec-Contract Mfg,98,NASDAQ,7.06,-7.5,-0.57,1057,-12.1,2,18,C+,-,E,8
NSYS,Nortech Systems Inc,ELECTRNCS,Elec-Contract Mfg,98,NASDAQ,9.72,-4,-0.41,2,-25.4,67,91,C+,E,C,69
PLXS,Plexus Corp,ELECTRNCS,Elec-Contract Mfg,98,NASDAQ,78.58,0.4,0.28,109,49.4,63,32,C+,C,D-,49
SANM,Sanmina Corp,ELECTRNCS,Elec-Contract Mfg,98,NASDAQ,40.06,0.1,0.03,578,114.7,57,81,C+,D,B,70
SGMA,Sigmatron International,ELECTRNCS,Elec-Contract Mfg,98,NASDAQ,8.26,3.6,0.29,75,-95.8,74,94,C+,C,D-,75
SYPR,Sypris Solutions Inc,ELECTRNCS,Elec-Contract Mfg,98,NASDAQ,2.09,-5.7,-0.13,24,-73.8,42,16,C+,D,C+,32
TTMI,T T M Technologies Inc,ELECTRNCS,Elec-Contract Mfg,98,NASDAQ,13.69,0.7,0.09,439,-30,61,48,C+,C,B-,60
ACTG,Acacia Research Corp,ELECTRNCS,Elec-Misc Products,146,NASDAQ,4.47,-0.7,-0.03,198,-24.7,71,22,D+,A,D-,46
ALOT,Astronova Inc,ELECTRNCS,Elec-Misc Products,146,NASDAQ,13.91,-2.6,-0.36,2,-78.5,42,44,D+,D,C,46
CETX,Cemtrex Inc,ELECTRNCS,Elec-Misc Products,146,NASDAQ,0.72,-3.3,-0.02,214,-52.5,23,9,D+,E,C+,16
DAKT,Daktronics Inc,ELECTRNCS,Elec-Misc Products,146,NASDAQ,4.75,-1.4,-0.07,79,-63.6,16,29,D+,D,B,32
DLB,Dolby Laboratories Inc,ELECTRNCS,Elec-Misc Products,146,NYSE,87.97,0.1,0.09,228,-26.3,69,39,D+,A,A,69
EMAN,Emagin Corporation,ELECTRNCS,Elec-Misc Products,146,AMEX,1.18,-8.5,-0.11,328,-63.6,41,7,D+,E,B-,18
EMKR,Emcore Corp,ELECTRNCS,Elec-Misc Products,146,NASDAQ,5.64,-1.1,-0.06,266,-18.2,67,25,D+,A,D-,51
GLW,Corning Inc,ELECTRNCS,Elec-Misc Products,146,NYSE,42.74,1.4,0.57,3247,-6.4,60,84,D+,A,B,77
IDCC,Interdigital Inc,ELECTRNCS,Elec-Misc Products,146,NASDAQ,68.02,0.9,0.64,86,9.9,41,55,D+,C,B,61
IMMR,Immersion Corporation,ELECTRNCS,Elec-Misc Products,146,NASDAQ,5.09,-3.2,-0.17,311,-67.3,42,11,D+,A,D,32
INTT,Intest Corporation,ELECTRNCS,Elec-Misc Products,146,AMEX,10.96,2.8,0.3,77,-8.2,65,48,D+,C,C,60
ITI,Iteris Inc,ELECTRNCS,Elec-Misc Products,146,NASDAQ,3.78,-3.8,-0.15,98,-43.8,15,15,D+,D,C-,21
KN,Knowles Corporation,ELECTRNCS,Elec-Misc Products,146,NYSE,21.5,0.5,0.11,684,-0.4,83,77,D+,C,D,78
LINK,Interlink Electronics,ELECTRNCS,Elec-Misc Products,146,NASDAQ,10.66,4.5,0.46,8,-26.4,47,65,D+,D,B,58
LPL,L G Display Co Ltd,ELECTRNCS,Elec-Misc Products,146,NYSE,8.38,1.2,0.1,507,-11.5,30,32,D+,C,E,37
MICT,Mict Inc,ELECTRNCS,Elec-Misc Products,146,NASDAQ,0.65,-4.6,-0.03,341,-59,31,5,D+,D,D-,16
MVIS,Microvision Inc,ELECTRNCS,Elec-Misc Products,146,NASDAQ,3.15,-9.4,-0.33,5213,10.5,2,2,D+,E,D-,1
NEON,Neonode Inc,ELECTRNCS,Elec-Misc Products,146,NASDAQ,5.68,-0.7,-0.04,23,-58,34,19,D+,D,E,16
NNDM,Nano Dimension Ltd Ads,ELECTRNCS,Elec-Misc Products,146,NASDAQ,3.73,-2,-0.08,6587,8.1,50,9,D+,D,C-,31
NTIP,Network 1 Technologies,ELECTRNCS,Elec-Misc Products,146,AMEX,2.71,1.9,0.05,9,-62.1,40,29,D+,C,C,38
OLED,Universal Display Corp,ELECTRNCS,Elec-Misc Products,146,NASDAQ,153.06,0,0.05,268,-16.1,90,19,D+,A,C,64
REFR,Research Frontiers Inc,ELECTRNCS,Elec-Misc Products,146,NASDAQ,1.42,-6,-0.09,40,-43.6,33,12,D+,D,D-,19
RELL,Richardson Electrs,ELECTRNCS,Elec-Misc Products,146,NASDAQ,12.28,-1.4,-0.18,73,-46.4,69,98,D+,C,B-,85
RESN,Resonant Inc,ELECTRNCS,Elec-Misc Products,146,NASDAQ,1.42,-3.1,-0.05,541,1,17,8,D+,E,D-,2
ST,Sensata Technologies Hdg,ELECTRNCS,Elec-Misc Products,146,NYSE,57.41,0.2,0.14,1251,86.1,54,65,D+,A,C,62
STRC,Sarcos Tech & Robotics,ELECTRNCS,Elec-Misc Products,146,NASDAQ,6.29,-1.9,-0.12,111,-42.8,31,21,D+,E,B,25
SYNA,Synaptics Inc,ELECTRNCS,Elec-Misc Products,146,NASDAQ,221,3.1,6.63,586,82.9,91,97,D+,A,B-,90
TRMB,Trimble Inc,ELECTRNCS,Elec-Misc Products,146,NASDAQ,72.74,-0.3,-0.24,748,-10.1,87,32,D+,B,D+,63
TROO,Troops Inc,ELECTRNCS,Elec-Misc Products,146,NASDAQ,4.53,-0.7,-0.03,7,-88.3,20,98,D+,E,B,39
VHC,Virnetx Holding Corp,ELECTRNCS,Elec-Misc Products,146,NYSE,2.09,-7.5,-0.17,156,-60.9,38,9,D+,C,C,22
VISL,Vislink Technologies Inc,ELECTRNCS,Elec-Misc Products,146,NASDAQ,0.92,-6.1,-0.06,548,-33.3,49,6,D+,E,D-,19
WATT,Energous Corporation,ELECTRNCS,Elec-Misc Products,146,NASDAQ,1.16,-4.2,-0.05,569,-47.3,36,8,D+,E,D,17
ZBRA,Zebra Technologies Corp,ELECTRNCS,Elec-Misc Products,146,NASDAQ,517.11,1.5,7.63,301,22.2,97,65,D+,A,D+,85
BNSO,Bonso Electronic Intl,ELECTRNCS,Elec-Scientific/Msrng,166,NASDAQ,3.84,5.5,0.2,0,-95.8,59,13,D,B,B-,39
CAMT,Camtek Ltd,ELECTRNCS,Elec-Scientific/Msrng,166,NASDAQ,36.08,0.7,0.24,357,49,99,81,D,A,E,82
CGNX,Cognex Corp,ELECTRNCS,Elec-Scientific/Msrng,166,NASDAQ,65.95,-0.6,-0.42,419,-4.5,62,21,D,B,C,44
CYBE,Cyberoptics Corp,ELECTRNCS,Elec-Scientific/Msrng,166,NASDAQ,37.32,-0.9,-0.33,18,-47,90,77,D,B,E,80
FARO,Faro Technologies Inc,ELECTRNCS,Elec-Scientific/Msrng,166,NASDAQ,53.29,-2.6,-1.41,55,20,59,19,D,D,D,33
IPGP,I P G Photonics Corp,ELECTRNCS,Elec-Scientific/Msrng,166,NASDAQ,149.08,-1.7,-2.6,192,15.2,56,24,D,B,C+,43
ITRI,Itron Inc,ELECTRNCS,Elec-Scientific/Msrng,166,NASDAQ,60.33,-1.2,-0.73,232,10,43,18,D,D,E,16
KEYS,Keysight Technologies,ELECTRNCS,Elec-Scientific/Msrng,166,NYSE,171.44,1.4,2.38,800,-2.9,90,79,D,A,D,79
LUNA,Luna Innovations Inc,ELECTRNCS,Elec-Scientific/Msrng,166,NASDAQ,7.2,-0.8,-0.06,74,-29.6,79,17,D,B,D+,44
NOVT,Novanta Inc,ELECTRNCS,Elec-Scientific/Msrng,166,NASDAQ,138.97,-0.6,-0.9,105,22.5,90,44,D,B,A-,81
SLNH,Soluna Holdings Inc,ELECTRNCS,Elec-Scientific/Msrng,166,NASDAQ,8.75,-4.3,-0.39,60,-64.9,8,31,D,B,B-,31
SMIT,Schmitt Industries Inc,ELECTRNCS,Elec-Scientific/Msrng,166,NASDAQ,5.29,3.9,0.2,52,165.2,17,52,D,D,C-,33
VPG,Vishay Precision Group,ELECTRNCS,Elec-Scientific/Msrng,166,NYSE,32,0,-0.01,57,115.8,86,42,D,C,B,71
AIRG,Airgain Inc,ELECTRNCS,Electronic-Parts,90,NASDAQ,9.22,-2.5,-0.24,20,-61.3,30,13,B-,C,C-,31
APH,Amphenol Corp Cl A,ELECTRNCS,Electronic-Parts,90,NYSE,80.32,1.5,1.2,1776,21.2,82,87,B-,A,E,81
ARW,Arrow Electronics Inc,ELECTRNCS,Electronic-Parts,90,NYSE,129.69,4.3,5.38,629,105.1,69,86,B-,B,D,82
AVT,Avnet Inc,ELECTRNCS,Electronic-Parts,90,NASDAQ,41.54,2.3,0.93,562,38.1,78,72,B-,C,B,85
BELFA,Bel Fuse Inc Cl A,ELECTRNCS,Electronic-Parts,90,NASDAQ,15.83,0,0,0,0,36,75,B-,C,B-,69
BELFB,Bel Fuse Inc Cl B,ELECTRNCS,Electronic-Parts,90,NASDAQ,12.64,0.3,0.04,25,-39.1,35,28,B-,C,C,43
IGC,India Globalization Cptl,ELECTRNCS,Electronic-Parts,90,AMEX,1,4.2,0.04,320,-39,9,13,B-,E,D,8
IIVI,Ii-Vi Incorporated,ELECTRNCS,Electronic-Parts,90,NASDAQ,64.45,1.2,0.79,716,-22.5,75,39,B-,B,E,55
LASR,Nlight Inc,ELECTRNCS,Electronic-Parts,90,NASDAQ,19.75,-3.2,-0.65,129,-7.2,36,16,B-,C,E,34
LFUS,Littelfuse Inc,ELECTRNCS,Electronic-Parts,90,NASDAQ,257.86,-5,-13.65,189,227.9,84,52,B-,B,B-,84
MEI,Methode Electronics Inc,ELECTRNCS,Electronic-Parts,90,NYSE,44.3,0.5,0.2,78,-32.5,66,65,B-,B,D-,66
NPTN,Neophotonics Corp,ELECTRNCS,Electronic-Parts,90,NYSE,15.25,-0.7,-0.11,622,2.4,8,98,B-,E,B,61
NVEC,N V E Corp,ELECTRNCS,Electronic-Parts,90,NASDAQ,60.42,0.2,0.14,12,-27.5,57,29,B-,B,E,41
PKE,Park Aerospace Corp,ELECTRNCS,Electronic-Parts,90,NYSE,13.29,-1.2,-0.16,42,-18.4,81,52,B-,B,C,74
TAIT,Taitron Components Inc,ELECTRNCS,Electronic-Parts,90,NASDAQ,3.6,-0.3,-0.01,14,-42.3,91,27,B-,B,D-,61
TEL,Te Connectivity Ltd,ELECTRNCS,Electronic-Parts,90,NYSE,148.38,3.7,5.28,1517,40.1,77,69,B-,A,E,70
TRNS,Transcat Inc,ELECTRNCS,Electronic-Parts,90,NASDAQ,82.64,-13,-12.36,224,648.5,95,99,B-,C,B+,97
VICR,Vicor Corp,ELECTRNCS,Electronic-Parts,90,NASDAQ,93.94,0.4,0.41,111,-40.9,95,26,B-,B,C,64
VSH,Vishay Intertechnology,ELECTRNCS,Electronic-Parts,90,NYSE,20.9,1.8,0.36,426,-15.2,82,42,B-,B,C+,76
WCC,Wesco International Inc,ELECTRNCS,Electronic-Parts,90,NYSE,125.45,0.8,0.99,153,-35,93,91,B-,B,A,97
ACA,Arcosa Inc,ENERGY,Energy-Alternative/Other,86,NYSE,45.34,-2.5,-1.15,115,-2.4,38,25,B-,C,D+,34
ADN,Advent Technologies Cl A,ENERGY,Energy-Alternative/Other,86,NASDAQ,4.15,-5.9,-0.26,164,-31.9,2,5,B-,B,E,19
ALTO,Alto Ingredients Inc,ENERGY,Energy-Alternative/Other,86,NASDAQ,5.14,-3.5,-0.19,1280,-2.3,10,39,B-,E,B-,35
AMRC,Ameresco Inc Cl A,ENERGY,Energy-Alternative/Other,86,NYSE,49.19,-1.6,-0.81,490,90.2,88,20,B-,C,D+,51
AMRS,Amyris Inc,ENERGY,Energy-Alternative/Other,86,NASDAQ,4.51,-3.1,-0.15,4165,-24.5,21,2,B-,-,C-,15
AMTX,Aemetis Inc,ENERGY,Energy-Alternative/Other,86,NASDAQ,8.96,-6.3,-0.6,455,-20.7,21,20,B-,-,D+,26
AQN,Algonquin Power & Utlty,ENERGY,Energy-Alternative/Other,86,NYSE,14.29,0.7,0.11,1419,-30.6,65,35,B-,B,D-,64
AY,Atlantica Sust Infra plc,ENERGY,Energy-Alternative/Other,86,NASDAQ,32.43,-0.2,-0.08,301,-29.4,14,25,B-,D,D-,30
BE,Bloom Energy Corp Cl A,ENERGY,Energy-Alternative/Other,86,NYSE,14.88,-2.1,-0.32,2723,12.8,8,10,B-,-,D-,7
BEP,Brookfield Ren Prtnrs LP,ENERGY,Energy-Alternative/Other,86,NYSE,33.1,-0.7,-0.24,177,-56,27,26,B-,D,D+,33
BEPC,Brookfield Renewable ClA,ENERGY,Energy-Alternative/Other,86,NYSE,33.71,-0.5,-0.18,485,-27.5,69,22,B-,D,C,45
BLDP,Ballard Power Systems,ENERGY,Energy-Alternative/Other,86,NASDAQ,9.97,-6.8,-0.73,5560,48.3,4,11,B-,E,C-,9
BLNK,Blink Charging Co,ENERGY,Energy-Alternative/Other,86,NASDAQ,19.89,-4.7,-0.98,821,-55.6,1,12,B-,D,D,19
BWEN,Broadwind Inc,ENERGY,Energy-Alternative/Other,86,NASDAQ,1.7,-8.1,-0.15,218,5.4,23,6,B-,E,D+,12
CGRN,Capstone Green Energy Cp,ENERGY,Energy-Alternative/Other,86,NASDAQ,3.62,-4.3,-0.16,49,-52.7,23,11,B-,E,E,17
CHPT,Chargepoint Hldgs Cl A,ENERGY,Energy-Alternative/Other,86,NYSE,13.49,-5.2,-0.74,6882,-22.7,53,11,B-,E,D-,33
CLIR,Clearsign Technologies,ENERGY,Energy-Alternative/Other,86,NASDAQ,1.26,0.8,0.01,4,-97.5,15,8,B-,-,D-,11
CLNE,Clean Energy Fuels Corp,ENERGY,Energy-Alternative/Other,86,NASDAQ,6.11,-3.9,-0.25,2379,-20.4,69,17,B-,E,B-,39
CREG,China Recycling Energy,ENERGY,Energy-Alternative/Other,86,NASDAQ,5.3,-2.8,-0.15,31,-53.1,35,21,B-,E,A-,37
CWEN,Clearway Energy Inc Cl C,ENERGY,Energy-Alternative/Other,86,NYSE,33.07,0.1,0.02,229,-34.7,20,75,B-,D,C-,56
CWENA,Clearway Energy Inc Cl A,ENERGY,Energy-Alternative/Other,86,NYSE,30.21,-0.1,-0.04,75,-62.7,18,72,B-,D,C+,55
ELLO,Ellomay Capital Ltd,ENERGY,Energy-Alternative/Other,86,AMEX,24.68,-4.9,-1.27,2,85.9,6,25,B-,C,D,33
EVA,Enviva Inc,ENERGY,Energy-Alternative/Other,86,NYSE,71.34,-1,-0.73,146,7.5,56,95,B-,B,D+,81
FCEL,Fuelcell Energy Inc,ENERGY,Energy-Alternative/Other,86,NASDAQ,4.18,-6.4,-0.29,18942,-12.6,36,7,B-,E,D-,15
FLNC,Fluence Energy Inc Cl A,ENERGY,Energy-Alternative/Other,86,NASDAQ,17.97,-6.2,-1.19,1202,42.9,11,10,B-,E,D+,16
FREY,Freyr Battery,ENERGY,Energy-Alternative/Other,86,NYSE,8.9,-5.5,-0.52,768,-39.8,2,33,B-,-,D+,25
GPRE,Green Plains Inc,ENERGY,Energy-Alternative/Other,86,NASDAQ,31.27,-2.3,-0.72,865,62.1,23,69,B-,D,C,54
HTOO,Fusion Fuel Green Cl A,ENERGY,Energy-Alternative/Other,86,NASDAQ,5.73,9.1,0.48,240,242.3,31,3,B-,-,E,15
IEA,Infrastructure andEngAlt,ENERGY,Energy-Alternative/Other,86,NASDAQ,8.87,-3.9,-0.36,165,-55.6,25,18,B-,-,D,24
KEN,Kenon Holdings Ltd,ENERGY,Energy-Alternative/Other,86,NYSE,55.3,-2,-1.13,27,-8.4,45,99,B-,A,A-,91
LEU,Centrus Energy Corp Cl A,ENERGY,Energy-Alternative/Other,86,AMEX,42.99,-0.6,-0.28,97,-29.8,40,97,B-,-,E,60
MNTK,Montauk Renewables Inc,ENERGY,Energy-Alternative/Other,86,NASDAQ,10.68,-1.4,-0.15,88,64,33,89,B-,C,C-,64
NEP,Nextera Energy Prtn Lp,ENERGY,Energy-Alternative/Other,86,NYSE,76.07,0.7,0.51,411,6.5,9,37,B-,C,E,37
NMG,Nouveau Monde Graphite,ENERGY,Energy-Alternative/Other,86,NYSE,7.42,0.4,0.03,47,-55.8,1,20,B-,-,C,20
OEG,Orbital Energy Group Inc,ENERGY,Energy-Alternative/Other,86,NASDAQ,1.59,-5.4,-0.09,989,-39.3,9,6,B-,D,D-,17
OPTT,Ocean Power Technologies,ENERGY,Energy-Alternative/Other,86,AMEX,1.1,-4.3,-0.05,210,-73,33,7,B-,E,D,25
ORA,Ormat Technologies Inc,ENERGY,Energy-Alternative/Other,86,NYSE,66.19,-2.2,-1.49,240,7.4,45,30,B-,D,D+,30
ORGN,Origin Materials Inc,ENERGY,Energy-Alternative/Other,86,NASDAQ,5.09,-4,-0.21,775,-8.3,69,17,B-,-,D+,36
PLUG,Plug Power Inc,ENERGY,Energy-Alternative/Other,86,NASDAQ,21.85,-4.6,-1.06,17688,-1.8,14,15,B-,C,D,25
REGI,Renewable Energy Grp Inc,ENERGY,Energy-Alternative/Other,86,NASDAQ,38.43,-6.1,-2.52,505,11.1,67,14,B-,B,B-,55
REX,Rex American Resources,ENERGY,Energy-Alternative/Other,86,NYSE,99.49,-2.4,-2.4,17,-11.2,66,91,B-,C,B,93
RNW,ReNew Energy Global Cl A,ENERGY,Energy-Alternative/Other,86,NASDAQ,6.31,4.3,0.26,2224,247.5,4,13,B-,-,B-,20
TPIC,Tpi Composites Inc,ENERGY,Energy-Alternative/Other,86,NASDAQ,11.17,-7.7,-0.93,616,-30,16,1,B-,D,B-,15
AMR,Alpha Metallurgical Res,ENERGY,Energy-Coal,2,NYSE,69.85,-5.1,-3.78,239,6.6,59,99,A+,E,B-,91
ARCH,Arch Resources Inc,ENERGY,Energy-Coal,2,NYSE,105.38,2.1,2.12,352,22.1,69,98,A+,E,B,94
AREC,American Resources,ENERGY,Energy-Coal,2,NASDAQ,1.82,-4.8,-0.09,501,-52,8,21,A+,-,B+,34
ARLP,Alliance Res Partners Lp,ENERGY,Energy-Coal,2,NASDAQ,13.68,-3.3,-0.47,507,13.2,59,99,A+,B,B-,94
BTU,Peabody Energy Corp,ENERGY,Energy-Coal,2,NYSE,12.29,2.6,0.31,5787,48.7,41,99,A+,E,C+,67
CEIX,Consol Energy Inc,ENERGY,Energy-Coal,2,NYSE,24.04,0.6,0.14,268,-3.3,21,99,A+,D,B-,67
CNX,CNX Resources Corp,ENERGY,Energy-Coal,2,NYSE,15.71,2.3,0.36,3691,65.8,68,89,A+,A,B,96
HCC,Warrior Met Coal Inc,ENERGY,Energy-Coal,2,NYSE,28.3,-0.3,-0.1,303,-26.6,69,96,A+,D,B,94
HNRG,Hallador Energy Co,ENERGY,Energy-Coal,2,NASDAQ,2.45,-0.2,-0.01,74,-49.2,39,77,A+,E,C+,66
METC,Ramaco Resources Inc,ENERGY,Energy-Coal,2,NASDAQ,13.19,1.7,0.22,191,-37.1,69,99,A+,C,B-,91
NC,Nacco Industries Cl A,ENERGY,Energy-Coal,2,NYSE,30.89,0.6,0.19,9,10.7,65,87,A+,B,C-,86
NRP,Natural Resource Pts Lp,ENERGY,Energy-Coal,2,NYSE,37,-0.8,-0.31,19,-21,66,99,A+,A,B+,98
SXC,Suncoke Energy Inc,ENERGY,Energy-Coal,2,NYSE,7.11,2.7,0.19,713,45,69,72,A+,D,B-,84
ARRY,Array Technologies Inc,ENERGY,Energy-Solar,196,NASDAQ,10.39,-4.5,-0.5,3131,19.7,23,8,E,B,D,15
AZRE,Azure Power Global Ltd,ENERGY,Energy-Solar,196,NYSE,13.91,-6.1,-0.9,77,-57.6,50,12,E,E,D-,22
CSIQ,Canadian Solar Inc,ENERGY,Energy-Solar,196,NASDAQ,26.59,-4.3,-1.2,520,-43.9,89,16,E,B,B-,47
DQ,Daqo New Energy Corp Ads,ENERGY,Energy-Solar,196,NYSE,37.83,-4.5,-1.8,506,-59.1,95,10,E,A,C+,62
ENPH,Enphase Energy Inc,ENERGY,Energy-Solar,196,NASDAQ,140.14,-1.8,-2.53,1957,-7.3,99,21,E,A,D,62
FSLR,First Solar Inc,ENERGY,Energy-Solar,196,NASDAQ,76.42,-1.6,-1.28,945,-7.4,32,24,E,D,C+,24
HLGN,Heliogen Inc,ENERGY,Energy-Solar,196,NYSE,3.86,8.6,0.31,633,20.2,8,3,E,-,E,2
ISUN,Isun Inc,ENERGY,Energy-Solar,196,NASDAQ,5.15,-4.5,-0.25,36,-82.6,41,10,E,D,C-,22
JKS,Jinkosolar Hldg Co Ads,ENERGY,Energy-Solar,196,NYSE,42.56,-5.2,-2.33,599,-46.4,21,32,E,C,C,23
MAXN,Maxeon SolarTechnologies,ENERGY,Energy-Solar,196,NASDAQ,9.55,-6.3,-0.64,509,7.5,38,7,E,E,E,5
NOVA,Sunnova Energy Intl Inc,ENERGY,Energy-Solar,196,NYSE,19,-5.1,-1.02,2024,-4.3,22,9,E,D,D+,13
RUN,Sunrun Inc,ENERGY,Energy-Solar,196,NASDAQ,24.68,-5.1,-1.33,8242,54.7,7,7,E,D,B-,13
SEDG,Solaredge Technologies,ENERGY,Energy-Solar,196,NASDAQ,238.54,-1.5,-3.69,349,-47.6,91,25,E,A,C,57
SHLS,Shoals Tech Grp Cl A,ENERGY,Energy-Solar,196,NASDAQ,16.52,-4.1,-0.72,1574,28.5,79,10,E,B,C,38
SOL,Renesola Ltd Ads,ENERGY,Energy-Solar,196,NYSE,5.2,-4.9,-0.27,529,-61.5,29,11,E,D,D+,15
SPI,S P I Energy Co Ltd,ENERGY,Energy-Solar,196,NASDAQ,2.92,-6.7,-0.21,231,-42.4,8,9,E,D,D+,8
SPWR,Sunpower Corp,ENERGY,Energy-Solar,196,NASDAQ,15.75,-4.8,-0.8,1965,-26.1,69,10,E,D,C,33
SUNW,Sunworks Inc,ENERGY,Energy-Solar,196,NASDAQ,2.07,-9.2,-0.21,1269,12.7,19,1,E,D,C+,9
VVPR,Vivopower International,ENERGY,Energy-Solar,196,NASDAQ,2.43,-3.6,-0.09,26,-76.7,69,4,E,E,E,13
BRN,Barnwell Industries,ENERGY,Oil&Gas-Cdn Expl&Prod,1,AMEX,2.66,2,0.05,213,173.3,69,69,A+,B,C,77
CNQ,Canadian Natural Res Ltd,ENERGY,Oil&Gas-Cdn Expl&Prod,1,NYSE,52.95,0.9,0.47,2162,-21.6,74,98,A+,C,C+,97
CPG,Crescent Point Energy,ENERGY,Oil&Gas-Cdn Expl&Prod,1,NYSE,6.72,0.1,0.01,4045,-36.2,90,99,A+,B,B,99
ERF,Enerplus Corporation,ENERGY,Oil&Gas-Cdn Expl&Prod,1,NYSE,12.23,1.5,0.19,1777,-27.8,62,99,A+,B,B,99
OBE,Obsidian Energy Ltd,ENERGY,Oil&Gas-Cdn Expl&Prod,1,AMEX,7.3,-4.2,-0.32,420,1672.4,7,75,A+,E,C,0
VET,Vermilion Energy Inc,ENERGY,Oil&Gas-Cdn Expl&Prod,1,NYSE,16.2,0.1,0.02,2341,13.3,23,99,A+,E,A-,85
BORR,Borr Drilling Ltd,ENERGY,Oil&Gas-Drilling,9,NYSE,2.22,-0.9,-0.02,222,-61.4,47,93,A+,E,B-,74
CHX,Championx Corporation,ENERGY,Oil&Gas-Drilling,9,NASDAQ,23.48,-1.4,-0.34,799,-16.5,69,83,A+,C,B,92
HP,Helmerich & Payne Inc,ENERGY,Oil&Gas-Drilling,9,NYSE,29.78,-2,-0.6,1306,19.3,38,81,A+,D,B,81
ICD,Independence Contr Drill,ENERGY,Oil&Gas-Drilling,9,NYSE,3.22,-2.4,-0.08,210,37.8,37,35,A+,E,B-,45
NBR,Nabors Industries Ltd,ENERGY,Oil&Gas-Drilling,9,NYSE,112.9,-1.3,-1.5,94,1.1,18,96,A+,E,B,74
NE,Noble Corp,ENERGY,Oil&Gas-Drilling,9,NYSE,25.99,-1.1,-0.29,258,-10.1,52,79,A+,E,B+,77
PDS,Precision Drilling Corp,ENERGY,Oil&Gas-Drilling,9,NYSE,45.94,0.5,0.25,35,-21.6,12,98,A+,E,C+,72
PTEN,Patterson-Uti Energy Inc,ENERGY,Oil&Gas-Drilling,9,NASDAQ,10.5,-0.8,-0.09,1636,-19.5,30,96,A+,E,A,84
RIG,Transocean Ltd,ENERGY,Oil&Gas-Drilling,9,NYSE,3.5,-0.8,-0.03,19057,51.3,5,72,A+,E,C+,48
VAL,Valaris Limited,ENERGY,Oil&Gas-Drilling,9,NYSE,42.31,-1.4,-0.58,243,-29.4,50,98,A+,E,B,88
CCLP,C S I Compressco Lp,ENERGY,Oil&Gas-Field Services,12,NASDAQ,1.44,0.3,0,28,-70.1,22,52,A+,E,B,49
CELP,Cypress Environ Ptnrs LP,ENERGY,Oil&Gas-Field Services,12,NYSE,0.93,-7,-0.07,56,36.6,5,9,A+,E,D-,16
CLB,Core Laboratories Nv,ENERGY,Oil&Gas-Field Services,12,NYSE,26.93,-2.7,-0.76,242,-17.3,50,42,A+,C,C,58
CVEO,Civeo Corporation,ENERGY,Oil&Gas-Field Services,12,NYSE,22.36,-1.5,-0.34,20,-18.3,8,91,A+,D,B+,72
DWSN,Dawson Geophysical Co,ENERGY,Oil&Gas-Field Services,12,NASDAQ,2.34,0,0,6,-93.9,20,39,A+,E,B,40
ENSV,Enservco Corporation,ENERGY,Oil&Gas-Field Services,12,AMEX,0.65,-0.2,0,296,36.6,23,7,A+,E,D+,28
FTK,Flotek Industries Inc,ENERGY,Oil&Gas-Field Services,12,NYSE,1.02,17.2,0.15,3349,33.1,54,13,A+,E,D-,32
FTSI,Fts International Cl A,ENERGY,Oil&Gas-Field Services,12,AMEX,26.34,-0.3,-0.07,103,-23.7,52,90,A+,E,B-,77
HAL,Halliburton Co,ENERGY,Oil&Gas-Field Services,12,NYSE,31.38,0,0.01,9654,17.4,73,98,A+,B,B+,99
HLX,Helix Energy Solutions,ENERGY,Oil&Gas-Field Services,12,NYSE,3.85,-0.4,-0.02,1514,26,8,39,A+,E,B+,39
KLXE,Klx Energy Services Hldg,ENERGY,Oil&Gas-Field Services,12,NASDAQ,5.41,-1.3,-0.07,243,-24.4,45,35,A+,D,B,53
LBRT,Liberty Oilfield Sv Cl A,ENERGY,Oil&Gas-Field Services,12,NYSE,12.27,-3.6,-0.46,571,-49.3,41,81,A+,C,C,74
MTRX,Matrix Service Co,ENERGY,Oil&Gas-Field Services,12,NASDAQ,7.1,-5.1,-0.38,193,-35.6,1,16,A+,E,B-,26
NCSM,N C S Multistage Holding,ENERGY,Oil&Gas-Field Services,12,NASDAQ,41.2,4.8,1.87,11,163,46,95,A+,D,B+,89
NES,Nuverra Environmental,ENERGY,Oil&Gas-Field Services,12,AMEX,1.92,6.7,0.12,134,-96.2,19,25,A+,E,D-,29
NESR,National EnrgSvcs Reuntd,ENERGY,Oil&Gas-Field Services,12,NASDAQ,10.27,-1.6,-0.17,100,-42,53,29,A+,C,B-,55
NEX,NexTier Oilfield Sol Inc,ENERGY,Oil&Gas-Field Services,12,NYSE,6.46,-0.8,-0.06,2255,0.3,45,99,A+,E,A+,93
NINE,Nine Energy Service Inc,ENERGY,Oil&Gas-Field Services,12,NYSE,1.2,-7,-0.09,169,-38.1,41,13,A+,E,C-,37
NOA,North American Const Grp,ENERGY,Oil&Gas-Field Services,12,NYSE,14.77,1.7,0.24,15,-50.6,88,83,A+,A,D+,96
NR,Newpark Resources Inc,ENERGY,Oil&Gas-Field Services,12,NYSE,3.83,1.3,0.05,385,-23,48,93,A+,D,B-,84
OII,Oceaneering Intl Inc,ENERGY,Oil&Gas-Field Services,12,NYSE,14.07,-1.6,-0.23,419,-19.1,60,93,A+,E,D+,78
OIS,Oil States International,ENERGY,Oil&Gas-Field Services,12,NYSE,6.61,-2.7,-0.19,377,-50.2,38,89,A+,E,B+,71
PUMP,Propetro Holding Corp,ENERGY,Oil&Gas-Field Services,12,NYSE,11.07,-1.9,-0.21,484,-16.6,49,95,A+,D,B-,84
RES,R P C Inc,ENERGY,Oil&Gas-Field Services,12,NYSE,6.37,0.6,0.04,1066,67.8,69,95,A+,C,B-,94
RNGR,Ranger Energy Svcs Cl A,ENERGY,Oil&Gas-Field Services,12,NYSE,10.05,-2.3,-0.24,15,13.7,14,98,A+,D,B,77
SLB,Schlumberger Ltd,ENERGY,Oil&Gas-Field Services,12,NYSE,39.24,-0.7,-0.29,10466,4.7,75,97,A+,C,B,96
TDW,Tidewater Inc,ENERGY,Oil&Gas-Field Services,12,NYSE,14.24,-4.8,-0.73,194,33.2,25,95,A+,E,A-,77
TTI,Tetra Technologies Del,ENERGY,Oil&Gas-Field Services,12,NYSE,2.98,-2,-0.06,515,-31.1,58,77,A+,E,B-,74
TUSK,Mammoth Energy Services,ENERGY,Oil&Gas-Field Services,12,NASDAQ,1.79,1.1,0.02,46,-90.6,4,6,A+,E,C+,20
USAC,U S A Compression Ptn LP,ENERGY,Oil&Gas-Field Services,12,NYSE,15.71,0.6,0.09,124,-37.9,18,72,A+,E,D-,55
USWS,U S Well Svcs Inc Cl A,ENERGY,Oil&Gas-Field Services,12,NASDAQ,0.86,-21.1,-0.23,1360,171.7,46,4,A+,E,D+,33
VTOL,Bristow Group Inc,ENERGY,Oil&Gas-Field Services,12,NYSE,33.6,-1.3,-0.44,33,-23.2,39,89,A+,C,B,80
XPRO,Expro Group Holdings NV,ENERGY,Oil&Gas-Field Services,12,NYSE,16,-2.7,-0.45,259,-50.9,42,42,A+,E,B-,57
AM,Antero Midstream Corp,ENERGY,Oil&Gas-Integrated,5,NYSE,10.35,2.8,0.29,3167,28.3,76,83,A+,B,D-,84
BP,B P Plc Adr,ENERGY,Oil&Gas-Integrated,5,NYSE,32.01,0.8,0.25,10670,-6.2,69,95,A+,D,B+,96
CVE,Cenovus Energy Inc,ENERGY,Oil&Gas-Integrated,5,NYSE,15.25,0.7,0.11,7634,-11.2,69,99,A+,C,B,98
CVX,Chevron Corp,ENERGY,Oil&Gas-Integrated,5,NYSE,135.75,0.7,0.96,8724,-9.8,69,96,A+,A,B,99
E,Eni Spa Ads,ENERGY,Oil&Gas-Integrated,5,NYSE,30.42,0.3,0.08,234,-26.6,69,94,A+,C,B+,96
EC,Ecopetrol Sa Adr,ENERGY,Oil&Gas-Integrated,5,NYSE,14.74,0.1,0.02,369,-40.4,89,87,A+,B,B-,99
EQNR,Equinor ASA Adr,ENERGY,Oil&Gas-Integrated,5,NYSE,28.56,1.3,0.36,2929,4.2,68,96,A+,B,C+,98
EQT,E Q T Corp,ENERGY,Oil&Gas-Integrated,5,NYSE,22.25,2.1,0.46,7671,39.3,69,90,A+,D,C,93
IMO,Imperial Oil Ltd,ENERGY,Oil&Gas-Integrated,5,AMEX,43.03,-0.5,-0.23,495,46.4,69,98,A+,C,A,99
MRO,Marathon Oil Corporation,ENERGY,Oil&Gas-Integrated,5,NYSE,21,1.7,0.35,14472,-4.3,69,99,A+,C,B+,97
NFE,New Fortress Energy Cl A,ENERGY,Oil&Gas-Integrated,5,NASDAQ,22.28,-3,-0.69,462,-19.4,50,15,A+,D,D-,41
PBR,Petroleo Bras Sa Ptr Adr,ENERGY,Oil&Gas-Integrated,5,NYSE,13.59,-1.9,-0.27,21897,-19.3,69,99,A+,B,A-,99
PBRA,Petroleo Bras Ptr Adr Pf,ENERGY,Oil&Gas-Integrated,5,NYSE,12.35,-1.9,-0.24,8742,-20,69,98,A+,B,B+,99
PTR,Petrochina Co Ltd Adr,ENERGY,Oil&Gas-Integrated,5,NYSE,50.99,1.2,0.62,190,41.8,35,95,A+,C,B+,94
SHEL,Shell Plc Ads,ENERGY,Oil&Gas-Integrated,5,NYSE,53.26,1.1,0.58,3672,-12.2,65,95,A+,E,B+,98
SLNG,Stabilis Solutions Inc,ENERGY,Oil&Gas-Integrated,5,NASDAQ,3.93,4.8,0.18,0,-90.2,13,10,A+,C,D,33
SNP,China Petrolm & Chem Adr,ENERGY,Oil&Gas-Integrated,5,NYSE,52.7,0.5,0.25,53,-47.4,39,87,A+,C,B+,90
SU,Suncor Energy Inc,ENERGY,Oil&Gas-Integrated,5,NYSE,30.45,1.8,0.55,10139,65.8,69,97,A+,C,B,96
TTE,Totalenergies S E Adr,ENERGY,Oil&Gas-Integrated,5,NYSE,57.28,-1.1,-0.63,2276,15.8,76,95,A+,C,B+,99
WMB,Williams Companies,ENERGY,Oil&Gas-Integrated,5,NYSE,30.7,0.6,0.18,6370,-0.3,87,93,A+,B,B-,97
XOM,Exxon Mobil Corp,ENERGY,Oil&Gas-Integrated,5,NYSE,80.8,0,-0.03,25620,30.9,69,97,A+,C,A-,99
YPF,Y P F Sociedad Anonima,ENERGY,Oil&Gas-Integrated,5,NYSE,4.32,-1.1,-0.05,1414,-39.1,57,84,A+,D,B,83
APA,A P A Corp,ENERGY,Oil&Gas-Intl Expl&Prod,3,NASDAQ,34.88,0.5,0.17,5183,-27.7,69,99,A+,C,B+,97
COP,Conocophillips,ENERGY,Oil&Gas-Intl Expl&Prod,3,NYSE,92.55,1.1,1.01,6965,18.8,69,98,A+,C,C,99
EGY,Vaalco Energy Inc,ENERGY,Oil&Gas-Intl Expl&Prod,3,NYSE,5.48,7.7,0.39,1448,234.5,94,99,A+,A,B+,99
GPRK,Geopark Ltd,ENERGY,Oil&Gas-Intl Expl&Prod,3,NYSE,14.16,-0.4,-0.05,71,-63.8,60,72,A+,E,A-,84
GTE,Gran Tierra Energy Inc,ENERGY,Oil&Gas-Intl Expl&Prod,3,AMEX,1.03,7.3,0.07,10242,285.2,61,96,A+,E,A-,92
HES,Hess Corp,ENERGY,Oil&Gas-Intl Expl&Prod,3,NYSE,93.1,-0.4,-0.4,1805,0.6,69,96,A+,A,B-,99
HUSA,Houston American Energy,ENERGY,Oil&Gas-Intl Expl&Prod,3,AMEX,1.13,-5.8,-0.07,1512,584.5,42,15,A+,C,D-,41
INDO,Indonesia Energy Corp,ENERGY,Oil&Gas-Intl Expl&Prod,3,AMEX,3.97,-10.1,-0.45,1918,16.4,2,33,A+,E,E,26
KOS,Kosmos Energy Ltd,ENERGY,Oil&Gas-Intl Expl&Prod,3,NYSE,4.6,-2.4,-0.12,8920,6.7,40,99,A+,D,B-,80
MUR,Murphy Oil Corp,ENERGY,Oil&Gas-Intl Expl&Prod,3,NYSE,32.97,0.3,0.09,1829,36.2,69,99,A+,B,B-,99
OVV,Ovintiv Inc,ENERGY,Oil&Gas-Intl Expl&Prod,3,NYSE,40.63,-0.4,-0.15,1971,-15.9,81,98,A+,C,C+,98
OXY,Occidental Petroleum,ENERGY,Oil&Gas-Intl Expl&Prod,3,NYSE,39.73,1.1,0.44,12988,-5.3,69,98,A+,D,B+,97
TELL,Tellurian Inc,ENERGY,Oil&Gas-Intl Expl&Prod,3,AMEX,2.49,-2.5,-0.07,15534,51.5,44,23,A+,D,D-,39
TGA,Transglobe Energy Corp,ENERGY,Oil&Gas-Intl Expl&Prod,3,NASDAQ,3.2,0.3,0.01,364,-35.9,69,99,A+,D,B-,94
VIST,Vista Oil & Gas SAB deCV,ENERGY,Oil&Gas-Intl Expl&Prod,3,NYSE,6.38,-1.5,-0.1,167,-50.2,69,99,A+,D,B,96
AROC,Archrock Inc,ENERGY,Oil&Gas-Machinery/Equip,44,NYSE,8.52,-0.6,-0.05,373,-37.9,60,55,A-,E,B,65
BKR,Baker Hughes Co Cl A,ENERGY,Oil&Gas-Machinery/Equip,44,NASDAQ,26.88,-2.3,-0.63,7384,20.8,96,93,A-,D,C+,89
DNOW,Now Inc,ENERGY,Oil&Gas-Machinery/Equip,44,NYSE,9.1,-1.3,-0.12,636,-11.8,69,83,A-,E,C+,77
DRQ,Dril Quip Inc,ENERGY,Oil&Gas-Machinery/Equip,44,NYSE,25.15,-3.1,-0.81,152,-47.4,9,42,A-,E,B-,34
EXTN,Exterran Corporation,ENERGY,Oil&Gas-Machinery/Equip,44,NYSE,5.71,1.9,0.11,744,-55.5,21,96,A-,E,A+,73
FET,Forum Energy Technology,ENERGY,Oil&Gas-Machinery/Equip,44,NYSE,20.95,4,0.8,30,11.1,44,72,A-,E,C+,63
FTI,TechnipFmc plc,ENERGY,Oil&Gas-Machinery/Equip,44,NYSE,6.76,-1.5,-0.11,4712,-19.8,22,29,A-,E,B,34
GEOS,Geospace Technologies,ENERGY,Oil&Gas-Machinery/Equip,44,NASDAQ,6.38,-27.5,-2.42,111,470.7,25,72,A-,E,C,52
GIFI,Gulf Island Fabrication,ENERGY,Oil&Gas-Machinery/Equip,44,NASDAQ,4,-1.7,-0.07,4,-78.3,57,65,A-,E,D+,60
GTLS,Chart Industries Inc,ENERGY,Oil&Gas-Machinery/Equip,44,NYSE,122.02,-2.5,-3.11,213,-30.8,81,22,A-,C,D-,55
IO,I O N Geophysical Corp,ENERGY,Oil&Gas-Machinery/Equip,44,NYSE,0.54,-9.4,-0.06,2228,30.8,55,1,A-,-,D,27
MIND,Mind Technology Inc,ENERGY,Oil&Gas-Machinery/Equip,44,NASDAQ,1.37,-2.8,-0.04,20,-94.5,25,18,A-,E,D+,31
MRC,M R C Global Inc,ENERGY,Oil&Gas-Machinery/Equip,44,NYSE,7.66,0.8,0.06,441,-4.8,69,29,A-,E,C+,56
NGS,Natural Gas Services Grp,ENERGY,Oil&Gas-Machinery/Equip,44,NYSE,11.11,1.9,0.21,27,49,4,83,A-,E,C,59
NOV,N O V Inc,ENERGY,Oil&Gas-Machinery/Equip,44,NYSE,17.52,1.8,0.31,3955,34.6,25,94,A-,E,A-,70
PFIE,Profire Energy Inc,ENERGY,Oil&Gas-Machinery/Equip,44,NASDAQ,1.16,-2.5,-0.03,24,-68.5,56,75,A-,D,B,71
RCON,Recon Technology Ltd,ENERGY,Oil&Gas-Machinery/Equip,44,NASDAQ,1.05,-5.9,-0.07,449,-22.4,49,3,A-,E,D-,19
SDPI,Superior Drilling Prods,ENERGY,Oil&Gas-Machinery/Equip,44,AMEX,0.75,-1.3,-0.01,82,-44.8,50,24,A-,E,C+,39
WFRD,Weatherford Intl plc,ENERGY,Oil&Gas-Machinery/Equip,44,NASDAQ,32.22,1.6,0.5,161,-19.2,42,99,A-,E,B,79
WHD,Cactus Inc Cl A,ENERGY,Oil&Gas-Machinery/Equip,44,NYSE,47.97,-3.5,-1.76,239,-3.8,91,97,A-,B,A-,95
WLMS,Williams Ind Svcs Group,ENERGY,Oil&Gas-Machinery/Equip,44,NYSE,1.9,-2.6,-0.05,228,67.6,23,6,A-,C,E,25
AE,Adams Res & Energy Inc,ENERGY,Oil&Gas-Refining/Mktg,11,AMEX,30.5,1.6,0.48,11,84.2,73,83,A+,B,B-,91
BROG,Brooge Energy Limited,ENERGY,Oil&Gas-Refining/Mktg,11,NASDAQ,8.14,0,0,0,-97.2,21,31,A+,C,C+,50
CAPL,CrossAmerica Partners LP,ENERGY,Oil&Gas-Refining/Mktg,11,NYSE,21.09,-5.6,-1.25,82,81.3,62,89,A+,B,B-,94
CEQP,Crestwood Equity Ptnr LP,ENERGY,Oil&Gas-Refining/Mktg,11,NYSE,28.64,1.8,0.52,586,55.9,4,72,A+,C,D,64
CLMT,Calumet Spclty Pdt Ptnrs,ENERGY,Oil&Gas-Refining/Mktg,11,NASDAQ,14.28,-1.2,-0.17,79,-65.9,31,99,A+,D,B-,83
CSAN,Cosan S A Ads,ENERGY,Oil&Gas-Refining/Mktg,11,NYSE,17.89,0,0,249,151.8,94,88,A+,A,B+,98
CVI,C V R Energy Inc,ENERGY,Oil&Gas-Refining/Mktg,11,NYSE,21,1.4,0.29,320,-13.4,42,93,A+,C,B-,84
DK,Delek U S Holdings Inc,ENERGY,Oil&Gas-Refining/Mktg,11,NYSE,17.78,3.6,0.62,895,25.5,55,31,A+,D,C,59
GEL,Genesis Energy Lp,ENERGY,Oil&Gas-Refining/Mktg,11,NYSE,11.91,2,0.23,323,-31.6,41,96,A+,E,C,80
GLP,Global Partners Lp,ENERGY,Oil&Gas-Refining/Mktg,11,NYSE,27.62,-0.2,-0.05,106,23.1,44,90,A+,B,A-,93
HFC,Hollyfrontier Corp,ENERGY,Oil&Gas-Refining/Mktg,11,NYSE,36.85,0.1,0.04,1159,-4.9,69,90,A+,C,B,93
INT,World Fuel Services Corp,ENERGY,Oil&Gas-Refining/Mktg,11,NYSE,28.45,-2,-0.6,274,18.5,57,44,A+,C,C,70
MPC,Marathon Petroleum,ENERGY,Oil&Gas-Refining/Mktg,11,NYSE,78.75,6.4,4.73,10403,101.2,31,96,A+,D,B-,84
NGL,N G L Energy Partners Lp,ENERGY,Oil&Gas-Refining/Mktg,11,NYSE,2.6,8.6,0.21,3520,235.5,6,85,A+,D,C+,63
NS,Nustar Energy Lp,ENERGY,Oil&Gas-Refining/Mktg,11,NYSE,17.34,-0.7,-0.12,362,3.3,69,79,A+,B,B,90
PARR,Par Pacific Holdings Inc,ENERGY,Oil&Gas-Refining/Mktg,11,NYSE,14.64,-2.3,-0.35,192,-39.9,56,52,A+,D,C-,68
PBF,P B F Energy Inc Cl A,ENERGY,Oil&Gas-Refining/Mktg,11,NYSE,17.75,1.4,0.25,1558,-28.5,57,98,A+,D,C,89
PSX,Phillips 66,ENERGY,Oil&Gas-Refining/Mktg,11,NYSE,87.78,0.1,0.12,3095,25,69,90,A+,B,B-,97
SGU,Star Group LP,ENERGY,Oil&Gas-Refining/Mktg,11,NYSE,10.58,0.4,0.04,65,22.8,41,52,A+,B,D-,74
SPH,Suburban Propane Partnrs,ENERGY,Oil&Gas-Refining/Mktg,11,NYSE,15.01,-0.3,-0.04,153,-52.4,68,55,A+,B,E,74
SRLP,Sprague Resources LP,ENERGY,Oil&Gas-Refining/Mktg,11,NYSE,17.78,0.3,0.06,77,15.5,9,26,A+,B,B-,47
SSL,Sasol Ltd Adr,ENERGY,Oil&Gas-Refining/Mktg,11,NYSE,22.89,-2.8,-0.66,413,5.4,52,98,A+,C,A-,98
SUN,Sunoco Lp,ENERGY,Oil&Gas-Refining/Mktg,11,NYSE,46.93,0.5,0.23,317,29.2,36,94,A+,A,B+,98
TREC,Trecora Resources,ENERGY,Oil&Gas-Refining/Mktg,11,NYSE,8.22,-0.6,-0.05,18,-22,69,87,A+,D,B,92
TRGP,Targa Resources Corp,ENERGY,Oil&Gas-Refining/Mktg,11,NYSE,61.32,1,0.59,1071,7.7,45,98,A+,D,A-,93
UGI,U G I Corp Hldg Co,ENERGY,Oil&Gas-Refining/Mktg,11,NYSE,45.81,0,-0.02,1031,42.3,47,83,A+,B,C-,86
UGP,Ultrapar Participaco Adr,ENERGY,Oil&Gas-Refining/Mktg,11,NYSE,2.76,-3,-0.09,743,-40.9,59,44,A+,C,B-,66
VLO,Valero Energy Corp,ENERGY,Oil&Gas-Refining/Mktg,11,NYSE,86.58,0,0.03,3414,23.6,69,94,A+,C,B,99
VTNR,Vertex Energy Inc,ENERGY,Oil&Gas-Refining/Mktg,11,NASDAQ,4.66,-1,-0.05,2050,5.2,33,99,A+,D,C,70
BPT,B P Prudhoe Bay Rylty Tr,ENERGY,Oil&Gas-Royalty Trust,35,NYSE,8.05,6.4,0.49,527,37.4,69,99,A-,B,A+,98
CRT,Cross Timbers Royalty Tr,ENERGY,Oil&Gas-Royalty Trust,35,NYSE,14.87,0.1,0.02,53,3.3,74,97,A-,A,B+,97
MARPS,Marine Pete Tr Unt Of In,ENERGY,Oil&Gas-Royalty Trust,35,NASDAQ,4.45,-2.6,-0.12,101,170.2,32,52,A-,B,D+,50
MTR,Mesa Royalty Tr Ubi,ENERGY,Oil&Gas-Royalty Trust,35,NYSE,7.2,-9.7,-0.78,25,88.5,45,98,A-,B,B+,89
MVO,M V Oil Trust,ENERGY,Oil&Gas-Royalty Trust,35,NYSE,9.67,-0.4,-0.04,56,-42.7,61,99,A-,B,B,93
NRT,North European Oil Rty,ENERGY,Oil&Gas-Royalty Trust,35,NYSE,12.78,12.9,1.46,277,691.3,65,99,A-,-,C+,86
PBT,Permian Basin Rty Tr Ubi,ENERGY,Oil&Gas-Royalty Trust,35,NYSE,12.79,2.6,0.33,147,-21.3,63,99,A-,A,B+,96
PRT,Permrock Royalty Trust,ENERGY,Oil&Gas-Royalty Trust,35,NYSE,8.74,1.9,0.17,39,-14.8,64,98,A-,A,C+,98
PVL,Permianville Royalty Tr,ENERGY,Oil&Gas-Royalty Trust,35,NYSE,2.2,-1.2,-0.03,88,-7.1,20,96,A-,A,C-,80
SBR,Sabine Royalty Tr Ubi,ENERGY,Oil&Gas-Royalty Trust,35,NYSE,52.34,1.4,0.74,49,6.2,42,97,A-,B,B-,82
SJT,San Juan Basin Rty Tr Ub,ENERGY,Oil&Gas-Royalty Trust,35,NYSE,7.15,6.1,0.41,596,21.5,66,96,A-,A,C-,93
TPL,Texas Pacific Land Corp,ENERGY,Oil&Gas-Royalty Trust,35,NYSE,1110,-1.1,-12.26,15,-41.3,97,33,A-,A,D,79
UROY,Uranium Royalty Corp,ENERGY,Oil&Gas-Royalty Trust,35,NASDAQ,3.19,-6.2,-0.21,417,-27.4,27,33,A-,-,C+,39
VOC,V O C Energy Trust,ENERGY,Oil&Gas-Royalty Trust,35,NYSE,5.37,-1.6,-0.09,92,1.1,71,98,A-,C,A-,95
ALTM,Altus Midstream Cl A,ENERGY,Oil&Gas-Transprt/Pipelne,16,NASDAQ,66.72,0.6,0.4,73,41.4,68,84,A+,-,B,80
ASC,Ardmore Shipping Corp,ENERGY,Oil&Gas-Transprt/Pipelne,16,NYSE,3.61,1.4,0.05,45,-70.2,4,39,A+,E,B,36
BKEP,Blueknight Enrgy Ptnr Lp,ENERGY,Oil&Gas-Transprt/Pipelne,16,NASDAQ,3.78,0.5,0.02,24,-73.1,69,95,A+,-,A-,88
BPMP,BP Midstream Partners LP,ENERGY,Oil&Gas-Transprt/Pipelne,16,NYSE,18.12,1,0.18,442,-27.7,65,97,A+,B,A-,90
CQP,Cheniere Energy Partners,ENERGY,Oil&Gas-Transprt/Pipelne,16,AMEX,51.56,2.8,1.4,157,31.1,83,93,A+,A,A-,98
DCP,D C P Midstream Lp,ENERGY,Oil&Gas-Transprt/Pipelne,16,NYSE,30.7,2.6,0.78,420,11.1,11,89,A+,C,D,74
DHT,D H T Holdings Inc,ENERGY,Oil&Gas-Transprt/Pipelne,16,NYSE,5,-0.9,-0.05,1396,1.5,8,27,A+,C,C,39
DKL,Delek Logistics Prtnr Lp,ENERGY,Oil&Gas-Transprt/Pipelne,16,NYSE,42.76,-3,-1.31,42,24.4,62,72,A+,-,B+,80
DLNG,Dynagas Lng Partners LP,ENERGY,Oil&Gas-Transprt/Pipelne,16,NYSE,2.9,-1,-0.03,3,-89.2,36,55,A+,C,D-,60
DTM,D T Midstream Inc,ENERGY,Oil&Gas-Transprt/Pipelne,16,NYSE,51.51,-2.1,-1.13,404,22.5,79,92,A+,B,B,94
ENB,Enbridge Inc,ENERGY,Oil&Gas-Transprt/Pipelne,16,NYSE,43.19,1.5,0.65,3630,-19.2,76,84,A+,C,E,86
ENLC,Enlink Midstream LLC,ENERGY,Oil&Gas-Transprt/Pipelne,16,NYSE,8.23,1.3,0.11,1047,-38.2,10,98,A+,D,B-,78
EPD,Enterprise Products Ptnr,ENERGY,Oil&Gas-Transprt/Pipelne,16,NYSE,23.81,0.1,0.02,7740,23.5,69,83,A+,A,B-,92
ET,Energy Transfer LP,ENERGY,Oil&Gas-Transprt/Pipelne,16,NYSE,9.97,1.7,0.17,20311,16.8,66,88,A+,C,B-,91
ETRN,Equitrans Midstream Corp,ENERGY,Oil&Gas-Transprt/Pipelne,16,NYSE,7.76,-3.5,-0.29,8689,178.6,14,39,A+,B,E,37
EURN,Euronav NV,ENERGY,Oil&Gas-Transprt/Pipelne,16,NYSE,8.54,-1,-0.09,657,-29.3,8,44,A+,D,B-,50
EZFL,Ezfill Holdings Inc,ENERGY,Oil&Gas-Transprt/Pipelne,16,NASDAQ,1.23,-6.1,-0.08,74,-69.7,7,3,A+,D,B+,30
FLNG,Flex Lng Ltd,ENERGY,Oil&Gas-Transprt/Pipelne,16,NYSE,21.31,6.1,1.22,343,-9.1,98,98,A+,B,E,99
FRO,Frontline Ltd,ENERGY,Oil&Gas-Transprt/Pipelne,16,NYSE,6.9,1.4,0.1,1427,4.3,8,31,A+,C,C-,38
GASS,Stealthgas Inc,ENERGY,Oil&Gas-Transprt/Pipelne,16,NASDAQ,2.11,-3.6,-0.08,60,-25.5,58,26,A+,C,D-,51
GLNG,Golar Lng Ltd,ENERGY,Oil&Gas-Transprt/Pipelne,16,NASDAQ,14.76,-1.3,-0.19,1064,41,1,95,A+,E,B+,72
GLOP,GasLog Partners LP,ENERGY,Oil&Gas-Transprt/Pipelne,16,NYSE,4.16,7.8,0.3,704,203.8,70,44,A+,C,E,57
GPP,Green Plains Partners Lp,ENERGY,Oil&Gas-Transprt/Pipelne,16,NASDAQ,15.3,0.1,0.01,210,404.7,48,91,A+,-,A,79
HEP,Holly Energy Partners Lp,ENERGY,Oil&Gas-Transprt/Pipelne,16,NYSE,18.96,-1.8,-0.36,123,-13.9,59,85,A+,A,D+,82
HESM,Hess Midstream LP Cl A,ENERGY,Oil&Gas-Transprt/Pipelne,16,NYSE,28.94,-3,-0.89,239,-33.1,54,94,A+,A,B-,97
HMLP,Hoegh LNG Partners LP,ENERGY,Oil&Gas-Transprt/Pipelne,16,NYSE,4.37,-0.3,-0.02,74,-57.3,31,15,A+,C,D+,30
IMPP,Imperial Petroleum Inc,ENERGY,Oil&Gas-Transprt/Pipelne,16,NASDAQ,0.84,-10.7,-0.1,3153,-1.8,11,1,A+,D,-,20
INSW,International Seaways,ENERGY,Oil&Gas-Transprt/Pipelne,16,NYSE,15.1,-0.5,-0.07,483,11.6,8,32,A+,D,B-,39
KMI,Kinder Morgan Inc,ENERGY,Oil&Gas-Transprt/Pipelne,16,NYSE,17.39,-0.1,-0.02,14225,18.9,68,81,A+,A,C-,93
KNOP,KNOT Offshore Ptnrs LP,ENERGY,Oil&Gas-Transprt/Pipelne,16,NYSE,15.08,0.1,0.01,71,-72.6,22,28,A+,C,C-,39
LNG,Cheniere Energy Inc,ENERGY,Oil&Gas-Transprt/Pipelne,16,AMEX,117.22,1.9,2.17,1378,10.9,2,97,A+,-,B+,75
LPG,Dorian LPG Ltd,ENERGY,Oil&Gas-Transprt/Pipelne,16,NYSE,12.34,1.7,0.21,253,-16.7,42,81,A+,C,D+,80
MMLP,Martin Midstream Ptnr Lp,ENERGY,Oil&Gas-Transprt/Pipelne,16,NASDAQ,3.06,1.2,0.04,85,-4.3,18,95,A+,D,B,81
MMP,Magellan Midstream Ptnrs,ENERGY,Oil&Gas-Transprt/Pipelne,16,NYSE,49.78,-0.1,-0.05,1844,116.9,76,79,A+,A,B,92
MPLX,M P L X Lp,ENERGY,Oil&Gas-Transprt/Pipelne,16,NYSE,33.87,0.1,0.03,2904,76.6,51,95,A+,C,B,91
NAT,Nordic Amer Tanker Ltd,ENERGY,Oil&Gas-Transprt/Pipelne,16,NYSE,1.51,-3.8,-0.06,1379,-41.2,4,13,A+,E,D+,23
NVGS,Navigator Holdings Ltd,ENERGY,Oil&Gas-Transprt/Pipelne,16,NYSE,9.27,-1,-0.09,13,-85.3,40,75,A+,D,B,84
OKE,Oneok Inc,ENERGY,Oil&Gas-Transprt/Pipelne,16,NYSE,63.01,1.8,1.14,2866,60.5,90,91,A+,A,C-,99
OMP,Oasis Midstream Prtns LP,ENERGY,Oil&Gas-Transprt/Pipelne,16,NASDAQ,23.86,0,0,0,0,48,89,A+,B,D,82
OSG,Overseas Shipholding Grp,ENERGY,Oil&Gas-Transprt/Pipelne,16,NYSE,1.81,0.8,0.02,380,91,4,25,A+,E,B,34
PAA,Plains All Amer Pipe,ENERGY,Oil&Gas-Transprt/Pipelne,16,NASDAQ,11.61,2.7,0.3,4144,29.8,40,91,A+,B,B-,86
PAGP,Plains GP Hldgs LP Cl A,ENERGY,Oil&Gas-Transprt/Pipelne,16,NASDAQ,12.43,2.3,0.28,2077,19.1,8,92,A+,D,B-,74
PBA,Pembina Pipeline Corp,ENERGY,Oil&Gas-Transprt/Pipelne,16,NYSE,32.68,1.6,0.51,949,17.3,46,75,A+,C,C-,79
PBFX,P B F Logistics LP,ENERGY,Oil&Gas-Transprt/Pipelne,16,NYSE,13.24,-0.1,-0.01,76,-48.3,47,72,A+,B,B-,76
PSXP,Phillips 66 Partners LP,ENERGY,Oil&Gas-Transprt/Pipelne,16,NYSE,43.3,0,-0.02,406,-29,76,96,A+,A,B,98
RTLR,Rattler Midstream LP,ENERGY,Oil&Gas-Transprt/Pipelne,16,NASDAQ,12.54,-2.7,-0.35,294,44.5,92,92,A+,D,B+,96
SFL,SFL Corporation Ltd,ENERGY,Oil&Gas-Transprt/Pipelne,16,NYSE,8.47,-0.5,-0.05,643,-3.8,74,90,A+,A,D+,92
SHLX,Shell Midstream Partners,ENERGY,Oil&Gas-Transprt/Pipelne,16,NYSE,12.85,-0.5,-0.07,910,-5,51,77,A+,-,E,63
SMLP,Summit Midstream Ptns LP,ENERGY,Oil&Gas-Transprt/Pipelne,16,NYSE,24.04,0.1,0.02,33,-8.8,8,39,A+,B,E,38
STNG,Scorpio Tankers Inc,ENERGY,Oil&Gas-Transprt/Pipelne,16,NYSE,14.29,-2,-0.29,585,-30.1,2,37,A+,E,C-,32
TGS,Transportad Gas Sur Adr,ENERGY,Oil&Gas-Transprt/Pipelne,16,NYSE,4.82,-3,-0.15,86,-28.2,54,72,A+,D,B+,80
TK,Teekay Corp,ENERGY,Oil&Gas-Transprt/Pipelne,16,NYSE,3.18,0,0,230,-48.2,8,69,A+,C,D,55
TNK,Teekay Tankers Ltd Cl A,ENERGY,Oil&Gas-Transprt/Pipelne,16,NYSE,10.85,-1.3,-0.14,194,-8.8,8,30,A+,D,D-,34
TNP,Tsakos Energy Navigation,ENERGY,Oil&Gas-Transprt/Pipelne,16,NYSE,7.59,-1.4,-0.11,135,-13.9,2,32,A+,E,C+,33
TOPS,Top Ships Inc,ENERGY,Oil&Gas-Transprt/Pipelne,16,NASDAQ,0.83,-0.1,0,406,-23.2,69,10,A+,E,D+,41
TRP,Tc Energy Corp,ENERGY,Oil&Gas-Transprt/Pipelne,16,NYSE,51.48,1.5,0.76,1681,20.3,75,72,A+,B,D+,82
WES,Western Midstream Prtns,ENERGY,Oil&Gas-Transprt/Pipelne,16,NYSE,25.36,2.1,0.51,601,-15.9,65,96,A+,B,B+,95
AMPY,Amplify Energy Corp,ENERGY,Oil&Gas-U S Expl&Prod,4,NYSE,3.88,-1.8,-0.07,304,-50,36,97,A+,E,B,77
AR,Antero Resources Corp,ENERGY,Oil&Gas-U S Expl&Prod,4,NYSE,22,9.5,1.91,12085,111.5,69,99,A+,D,B,96
BATL,Battalion Oil Corp,ENERGY,Oil&Gas-U S Expl&Prod,4,AMEX,18.42,8.4,1.42,33,198.7,39,98,A+,C,A+,96
BRY,Berry Corporation,ENERGY,Oil&Gas-U S Expl&Prod,4,NASDAQ,9.09,1.2,0.11,196,-21.2,23,97,A+,B,D,76
BSM,Black Stone Minerals Lp,ENERGY,Oil&Gas-U S Expl&Prod,4,NYSE,12.01,1.6,0.19,378,17.8,67,85,A+,B,B,92
CDEV,Centennial Res Dvlp Cl A,ENERGY,Oil&Gas-U S Expl&Prod,4,NASDAQ,8.23,-1.4,-0.12,5223,-13.8,39,99,A+,D,B,88
CEI,Camber Energy Inc,ENERGY,Oil&Gas-U S Expl&Prod,4,AMEX,0.58,-5.2,-0.03,8337,-69.6,49,19,A+,E,B+,38
CHK,Chesapeake Energy Corp,ENERGY,Oil&Gas-U S Expl&Prod,4,NASDAQ,69.79,1.9,1.32,2304,129.2,12,95,A+,E,C+,68
CIVI,Civitas Resources Inc,ENERGY,Oil&Gas-U S Expl&Prod,4,NYSE,55.23,0.1,0.05,700,30.4,97,98,A+,A,D,96
CLR,Continental Res Inc,ENERGY,Oil&Gas-U S Expl&Prod,4,NYSE,55.05,0.2,0.11,921,-21.2,69,99,A+,C,B,97
CPE,Callon Petroleum Co,ENERGY,Oil&Gas-U S Expl&Prod,4,NYSE,53.48,4.7,2.42,1742,17.8,89,99,A+,A,D-,98
CRC,California Resources,ENERGY,Oil&Gas-U S Expl&Prod,4,NYSE,45.51,0.4,0.2,687,32.6,69,98,A+,E,B+,94
CRGY,Crescent Energy Co Cl A,ENERGY,Oil&Gas-U S Expl&Prod,4,NYSE,13.51,-3.2,-0.45,171,-68.8,17,22,A+,D,D-,35
CRK,Comstock Resources,ENERGY,Oil&Gas-U S Expl&Prod,4,NYSE,8.85,7.1,0.59,7523,205.5,69,95,A+,A,C+,97
CTRA,Coterra Energy Inc,ENERGY,Oil&Gas-U S Expl&Prod,4,NYSE,22.96,3.5,0.77,6315,7.3,96,92,A+,B,B+,99
DEN,Denbury Inc,ENERGY,Oil&Gas-U S Expl&Prod,4,NYSE,76.12,-1.4,-1.05,1138,193.2,98,97,A+,B,C-,99
DMLP,Dorchester Minerals Lp,ENERGY,Oil&Gas-U S Expl&Prod,4,NASDAQ,23.65,2.8,0.65,88,45.8,82,97,A+,A,B,98
DVN,Devon Energy Corp,ENERGY,Oil&Gas-U S Expl&Prod,4,NYSE,53.39,1.6,0.83,7659,-21.9,69,99,A+,B,B+,98
EOG,E O G Resources Inc,ENERGY,Oil&Gas-U S Expl&Prod,4,NYSE,113.18,0,0,3378,2.4,95,98,A+,B,B+,99
EPM,Evolution Petroleum Corp,ENERGY,Oil&Gas-U S Expl&Prod,4,AMEX,6,-1.2,-0.07,82,-38.5,69,97,A+,B,B-,99
EPSN,Epsilon Energy Ltd,ENERGY,Oil&Gas-U S Expl&Prod,4,NASDAQ,5.8,0,0,36,113.4,48,95,A+,C,B,94
ESTE,Earthstone Energy Cl A,ENERGY,Oil&Gas-U S Expl&Prod,4,NYSE,13,-5.5,-0.76,941,139.8,87,99,A+,A,B+,99
FANG,Diamondback Energy Inc,ENERGY,Oil&Gas-U S Expl&Prod,4,NASDAQ,131.29,0.8,1.08,1787,-20.1,95,98,A+,A,B,99
FLMN,Falcon Minerals Cl A,ENERGY,Oil&Gas-U S Expl&Prod,4,NASDAQ,5.22,-0.2,-0.01,400,-32.7,69,86,A+,A,C-,93
GBR,New Concept Energy Inc,ENERGY,Oil&Gas-U S Expl&Prod,4,AMEX,2.74,4.4,0.12,181,-25.6,30,13,A+,E,B-,30
GPOR,Gulfport Energy Corp,ENERGY,Oil&Gas-U S Expl&Prod,4,NYSE,68.54,0.2,0.17,25,-56.2,69,33,A+,E,D+,68
HPK,Highpeak Energy Inc,ENERGY,Oil&Gas-U S Expl&Prod,4,NASDAQ,17.51,-2.2,-0.4,29,-36.1,69,97,A+,D,B+,96
KRP,Kimbell Royalty Partners,ENERGY,Oil&Gas-U S Expl&Prod,4,NYSE,14.59,0.9,0.13,220,-5.9,10,95,A+,D,B-,76
LFG,Archaea Energy Inc Cl A,ENERGY,Oil&Gas-U S Expl&Prod,4,NYSE,17.49,-2.2,-0.39,292,-37.2,47,89,A+,-,D-,74
LPI,Laredo Petroleum Inc,ENERGY,Oil&Gas-U S Expl&Prod,4,NYSE,67.97,-1.5,-1.02,548,-5.5,31,98,A+,B,B,81
MGY,Magnolia O&G Corp Cl A,ENERGY,Oil&Gas-U S Expl&Prod,4,NYSE,22.58,-0.1,-0.03,779,-31.7,69,99,A+,B,B-,99
MNRL,Brigham Minerals Cl A,ENERGY,Oil&Gas-U S Expl&Prod,4,NYSE,22.65,0.8,0.17,167,-19.9,69,92,A+,D,D,89
MTDR,Matador Resources Co,ENERGY,Oil&Gas-U S Expl&Prod,4,NYSE,46.5,1.5,0.68,1125,-2.3,95,99,A+,A,D,99
MXC,Mexco Energy Corp,ENERGY,Oil&Gas-U S Expl&Prod,4,AMEX,10.48,-1.4,-0.15,5,-71.6,69,89,A+,B,C-,88
NOG,Northern Oil & Gas Inc,ENERGY,Oil&Gas-U S Expl&Prod,4,AMEX,24.57,-0.7,-0.18,876,7,86,98,A+,A,B-,99
OAS,Oasis Petroleum Inc,ENERGY,Oil&Gas-U S Expl&Prod,4,NASDAQ,144.34,2.1,3.02,339,88.8,77,99,A+,A,B-,98
PDCE,P D C Energy Inc,ENERGY,Oil&Gas-U S Expl&Prod,4,NASDAQ,61.76,-1.2,-0.76,723,6.2,75,99,A+,C,B-,97
PED,Pedevco Corp,ENERGY,Oil&Gas-U S Expl&Prod,4,AMEX,1.23,0.9,0.01,440,-35.8,48,27,A+,D,B-,56
PHX,Phx Minerals Inc Cl A,ENERGY,Oil&Gas-U S Expl&Prod,4,NYSE,2.34,-2.1,-0.05,54,-66.4,13,24,A+,E,B-,37
PNRG,Primeenergy Res Corp,ENERGY,Oil&Gas-U S Expl&Prod,4,NASDAQ,74.64,-1.8,-1.36,5,-11.8,20,98,A+,D,B+,80
PXD,Pioneer Natural Resource,ENERGY,Oil&Gas-U S Expl&Prod,4,NYSE,223.17,-0.5,-1.05,1291,-20.3,97,97,A+,B,B-,98
REI,Ring Energy Inc,ENERGY,Oil&Gas-U S Expl&Prod,4,AMEX,2.59,-1.7,-0.05,1111,-33.4,94,90,A+,A,D-,91
REPX,Riley Explr Permian,ENERGY,Oil&Gas-U S Expl&Prod,4,AMEX,25.29,0.8,0.21,23,-15.2,71,42,A+,B,B,79
ROCC,Ranger Oil Corp Cl A,ENERGY,Oil&Gas-U S Expl&Prod,4,NASDAQ,33.17,-0.1,-0.04,300,10.7,52,99,A+,A,B,96
RRC,Range Resources Corp,ENERGY,Oil&Gas-U S Expl&Prod,4,NYSE,21.27,4.4,0.89,4696,33.7,69,97,A+,D,E,81
SBOW,Silverbow Resources Inc,ENERGY,Oil&Gas-U S Expl&Prod,4,NYSE,25.01,5.5,1.31,99,-27.6,14,99,A+,D,D+,67
SD,Sandridge Energy Inc,ENERGY,Oil&Gas-U S Expl&Prod,4,NYSE,12.35,2.9,0.35,610,1.4,74,99,A+,C,B,96
SM,S M Energy Co,ENERGY,Oil&Gas-U S Expl&Prod,4,NYSE,35.38,1,0.36,1581,-18.6,69,99,A+,C,D-,93
SNMP,Evolve Trans Infra Lp,ENERGY,Oil&Gas-U S Expl&Prod,4,AMEX,0.44,4.5,0.02,274,-76.4,46,4,A+,-,C,35
SWN,Southwestern Energy Co,ENERGY,Oil&Gas-U S Expl&Prod,4,NYSE,4.77,3.6,0.17,22840,22.5,92,60,A+,A,D-,96
TALO,Talos Energy Inc,ENERGY,Oil&Gas-U S Expl&Prod,4,NYSE,11.32,0.3,0.03,900,-5.4,53,60,A+,C,B,72
USEG,U S Energy Corp,ENERGY,Oil&Gas-U S Expl&Prod,4,NASDAQ,3.28,-2.1,-0.07,87,-28.3,61,25,A+,D,C-,54
VNOM,Viper Energy Partners Lp,ENERGY,Oil&Gas-U S Expl&Prod,4,NASDAQ,27.46,-0.7,-0.21,416,-19.7,69,98,A+,B,A,99
WLL,Whiting Petroleum Corp,ENERGY,Oil&Gas-U S Expl&Prod,4,NYSE,78.08,-0.1,-0.09,237,-28,69,99,A+,C,C+,97
WTI,W & T Offshore Inc,ENERGY,Oil&Gas-U S Expl&Prod,4,NYSE,4.41,-1.3,-0.06,1945,3.2,69,95,A+,-,A,93
ZEST,Ecoark Holdings Inc,ENERGY,Oil&Gas-U S Expl&Prod,4,NASDAQ,2.68,-13,-0.4,48,-41,30,19,A+,D,B-,42
ACY,Aerocentury Corp,FINANCE,Comml Svcs-Leasing,88,AMEX,6.28,0.7,0.05,219,-73.8,59,99,B-,E,B-,63
AER,Aercap Holdings Nv,FINANCE,Comml Svcs-Leasing,88,NYSE,63.55,-1.3,-0.86,647,-35.8,79,92,B-,C,C-,88
AL,Air Lease Corp,FINANCE,Comml Svcs-Leasing,88,NYSE,40.02,-0.8,-0.31,1337,71,42,37,B-,C,E,34
ALTG,Alta Equipment Group,FINANCE,Comml Svcs-Leasing,88,NYSE,13.5,-2.7,-0.37,37,-14.2,56,85,B-,D,B-,75
CTOS,Custom Truck One Source,FINANCE,Comml Svcs-Leasing,88,NYSE,7.38,-4.3,-0.33,339,-15.9,5,28,B-,-,B-,29
GATX,G A T X Corp,FINANCE,Comml Svcs-Leasing,88,NYSE,104.32,-1.2,-1.26,250,198.7,63,87,B-,C,B-,78
HEES,H & E Equipment Svcs Inc,FINANCE,Comml Svcs-Leasing,88,NASDAQ,42.22,-0.1,-0.04,152,47.8,52,89,B-,D,B,77
HRI,Herc Holdings Inc,FINANCE,Comml Svcs-Leasing,88,NYSE,165.04,0.4,0.72,160,-22.2,99,97,B-,B,D,96
MGRC,Mcgrath Rentcorp,FINANCE,Comml Svcs-Leasing,88,NASDAQ,75.6,-0.6,-0.47,78,53.4,67,65,B-,B,C,73
R,Ryder System Inc,FINANCE,Comml Svcs-Leasing,88,NYSE,74.54,0.6,0.45,366,3.7,70,42,B-,D,E,55
RCII,Rent-A-Center Inc,FINANCE,Comml Svcs-Leasing,88,NASDAQ,40.25,-6.3,-2.73,990,72.2,98,24,B-,A,D+,72
TGH,Textainer Group Holdings,FINANCE,Comml Svcs-Leasing,88,NYSE,38.42,-0.1,-0.02,183,-30.6,99,97,B-,B,C,99
TRTN,Triton International Ltd,FINANCE,Comml Svcs-Leasing,88,NYSE,62.34,0.6,0.39,239,-16.4,99,89,B-,A,C,98
UHAL,Amerco,FINANCE,Comml Svcs-Leasing,88,NASDAQ,611.47,1.1,6.48,42,37.8,87,55,B-,A,C-,84
URI,United Rentals Inc,FINANCE,Comml Svcs-Leasing,88,NYSE,327.33,-0.8,-2.68,717,30.8,91,65,B-,A,C-,86
WLFC,Willis Lease Financial,FINANCE,Comml Svcs-Leasing,88,NASDAQ,34.85,-1,-0.34,4,-47.3,18,37,B-,E,B-,33
WSC,WillScot Mobile MiniHldg,FINANCE,Comml Svcs-Leasing,88,NASDAQ,37.51,-1,-0.37,934,-23.1,44,95,B-,B,B-,84
BRMK,Broadmark Realty Capital,FINANCE,Finance-Commercial Loans,20,NYSE,9.29,-0.1,-0.01,782,-9.1,51,32,A,B,D-,60
CCB,Coastal Financial Corp,FINANCE,Finance-Commercial Loans,20,NASDAQ,49.19,-1.1,-0.56,81,114,99,99,A,A,B-,98
CGBD,T C G Bdc Inc,FINANCE,Finance-Commercial Loans,20,NASDAQ,14.23,0.2,0.03,147,-27.2,51,84,A,C,B-,79
CION,Cion Investment Corp,FINANCE,Finance-Commercial Loans,20,NYSE,12.44,0.2,0.02,77,-17.7,55,72,A,C,E,70
CNF,C N Finance Holdings Ads,FINANCE,Finance-Commercial Loans,20,NYSE,3.48,1.5,0.05,74,-64.9,34,28,A,D,D-,33
DXF,Dunxin Financial Hld Ads,FINANCE,Finance-Commercial Loans,20,AMEX,0.83,0.9,0.01,18,-92.6,68,11,A,A,D-,54
ESQ,Esquire Financial Hldgs,FINANCE,Finance-Commercial Loans,20,NASDAQ,35.29,3.6,1.24,47,170.2,96,96,A,A,B+,99
GSBD,Goldman Sachs B D C Inc,FINANCE,Finance-Commercial Loans,20,NYSE,20.55,1,0.2,514,22.3,77,84,A,A,B+,97
LPRO,Open Lending Corp Cl A,FINANCE,Finance-Commercial Loans,20,NASDAQ,18.21,-4.7,-0.9,927,31.5,69,10,A,D,B-,56
MFIN,Medallion Financial Corp,FINANCE,Finance-Commercial Loans,20,NASDAQ,7.31,-0.3,-0.02,56,-86.5,63,31,A,A,B,76
RBKB,Rhinebeck Bancorp Inc,FINANCE,Finance-Commercial Loans,20,NASDAQ,10.76,-0.8,-0.09,0,-81.8,71,79,A,C,D-,77
RWAY,Runway Growth Finance,FINANCE,Finance-Commercial Loans,20,NASDAQ,13.27,1.2,0.16,117,-1.6,92,77,A,A,C+,98
TSLX,Sixth Street Spclty Lend,FINANCE,Finance-Commercial Loans,20,NYSE,24.02,0.5,0.12,150,-36.8,44,81,A,C,D-,71
WD,Walker & Dunlop Inc,FINANCE,Finance-Commercial Loans,20,NYSE,130.22,-0.7,-0.91,144,73.2,83,92,A,A,E,94
WEI,Weidai Ltd Cl A Ads,FINANCE,Finance-Commercial Loans,20,NYSE,1.98,-8.6,-0.19,52,-14.3,34,4,A,E,B-,28
ATLC,Atlanticus Holdings Corp,FINANCE,Finance-Consumer Loans,125,NASDAQ,63.07,-5.3,-3.56,88,25.2,94,98,C,A,C,96
CACC,Credit Acceptance Corp,FINANCE,Finance-Consumer Loans,125,NASDAQ,527.67,0.3,1.35,108,64.8,85,84,C,A,C,77
COF,Capital One Financial Cp,FINANCE,Finance-Consumer Loans,125,NYSE,149.67,-0.5,-0.82,1787,-11.6,64,81,C,A,D+,73
COOP,Mr. Cooper Group Inc,FINANCE,Finance-Consumer Loans,125,NASDAQ,38.18,-3.6,-1.45,1101,149.3,70,85,C,A,E,75
CPSS,Consumer Portfolio Svcs,FINANCE,Finance-Consumer Loans,125,NASDAQ,11.57,-3.9,-0.47,88,-24.5,54,99,C,C,A+,83
CURO,Curo Group Holdings Corp,FINANCE,Finance-Consumer Loans,125,NYSE,13.87,-3.3,-0.48,118,-9.6,37,29,C,C,D-,35
ELVT,Elevate Credit Inc,FINANCE,Finance-Consumer Loans,125,NYSE,2.97,-0.8,-0.03,51,-77.6,50,24,C,C,B,47
ENVA,Enova International Inc,FINANCE,Finance-Consumer Loans,125,NYSE,39.09,-2.1,-0.85,300,49.3,81,95,C,B,D+,84
EZPW,Ezcorp Inc Cl A,FINANCE,Finance-Consumer Loans,125,NASDAQ,6.28,0.2,0.01,207,-28.6,64,77,C,E,D-,60
FCFS,FirstCash Holdings Inc,FINANCE,Finance-Consumer Loans,125,NASDAQ,69.92,-1.6,-1.13,106,-43.5,78,44,C,D,B,60
GSKY,Greensky Inc Cl A,FINANCE,Finance-Consumer Loans,125,NASDAQ,10.79,-0.5,-0.05,892,-25.7,69,97,C,C,C+,84
IX,Orix Corp Ads,FINANCE,Finance-Consumer Loans,125,NYSE,105.63,1.5,1.53,17,-25.7,74,90,C,C,E,73
JT,Jianpu Tech Inc Cl A Ads,FINANCE,Finance-Consumer Loans,125,NYSE,0.92,1.1,0.01,80,-51.1,35,7,C,E,B,24
LEVL,Level One Bancorp Inc,FINANCE,Finance-Consumer Loans,125,NASDAQ,40.11,-0.2,-0.08,6,-75.7,85,98,C,C,C+,84
LX,Lexinfintech Hldgs Cl A,FINANCE,Finance-Consumer Loans,125,NASDAQ,3.39,-6.9,-0.25,890,-48.3,96,10,C,B,C+,51
MOGO,Mogo Inc,FINANCE,Finance-Consumer Loans,125,NASDAQ,2.17,-8.1,-0.19,506,-49,5,4,C,E,B-,11
NICK,Nicholas Financial Inc,FINANCE,Finance-Consumer Loans,125,NASDAQ,11.05,0.1,0.01,3,-34.3,25,72,C,D,C+,54
NNI,Nelnet Inc,FINANCE,Finance-Consumer Loans,125,NYSE,86.33,-1.3,-1.14,36,-29.9,57,89,C,B,D+,72
OMF,OneMain Holdings Inc,FINANCE,Finance-Consumer Loans,125,NYSE,52.06,-0.2,-0.09,1239,35.4,96,72,C,C,C,83
OPRT,Oportun Financial Corp,FINANCE,Finance-Consumer Loans,125,NASDAQ,17.54,-2.6,-0.47,78,-8.3,74,31,C,E,D+,46
QD,Qudian Inc Cl A Ads,FINANCE,Finance-Consumer Loans,125,NYSE,0.95,0.1,0,495,-62.6,30,9,C,D,E,18
RM,Regional Management Corp,FINANCE,Finance-Consumer Loans,125,NYSE,50.44,-1.8,-0.93,31,-9.6,99,92,C,B,D-,94
SLM,S L M Corp,FINANCE,Finance-Consumer Loans,125,NASDAQ,19.32,0.3,0.05,2370,43.3,69,84,C,A,B+,88
SNTG,Sentage Holdings Inc,FINANCE,Finance-Consumer Loans,125,NASDAQ,0.78,-2.8,-0.02,20,-87.5,27,1,C,B,C-,14
SOFI,Sofi Technologies Inc,FINANCE,Finance-Consumer Loans,125,NASDAQ,12.2,-8.1,-1.08,68543,50.3,31,17,C,E,E,23
SUNL,Sunlight Financial Hldng,FINANCE,Finance-Consumer Loans,125,NYSE,2.95,-1.7,-0.05,675,-46.3,8,3,C,-,C-,11
UPST,Upstart Holdings Inc,FINANCE,Finance-Consumer Loans,125,NASDAQ,105.63,-10,-11.7,6691,21.8,72,28,C,A,E,56
WRLD,World Acceptance Corp,FINANCE,Finance-Consumer Loans,125,NASDAQ,181.37,-1.7,-3.13,28,26.3,39,89,C,B,B-,68
YRD,Yiren Digital Ltd Ads,FINANCE,Finance-Consumer Loans,125,NYSE,2.59,-6.2,-0.17,31,-52.8,74,22,C,C,C,44
ADS,Alliance Data Systems Cp,FINANCE,Finance-CrdtCard/PmtPr,188,NYSE,69.76,0.1,0.05,587,8.4,43,48,E,B,B-,41
AFRM,Affirm Holdings Inc Cl A,FINANCE,Finance-CrdtCard/PmtPr,188,NASDAQ,60.52,-10.3,-6.98,11640,23.7,4,18,E,D,C-,14
AXP,American Express Co,FINANCE,Finance-CrdtCard/PmtPr,188,NYSE,184.3,0.4,0.74,2133,-31.6,83,92,E,B,B-,83
CASS,Cass Information System,FINANCE,Finance-CrdtCard/PmtPr,188,NASDAQ,41.48,0.6,0.23,39,3.3,70,48,E,B,B+,64
CTLP,Cantaloupe Inc,FINANCE,Finance-CrdtCard/PmtPr,188,NASDAQ,7.89,-3.4,-0.28,113,-34.5,58,20,E,D,B,39
CUEN,Cuentas Inc,FINANCE,Finance-CrdtCard/PmtPr,188,NASDAQ,1.11,0,0,6,-89.1,2,3,E,E,D,1
DFS,Discover Financial Svcs,FINANCE,Finance-CrdtCard/PmtPr,188,NYSE,117.59,-0.4,-0.43,972,-21.9,84,84,E,A,D-,73
DLO,Dlocal Limited Cl A,FINANCE,Finance-CrdtCard/PmtPr,188,NASDAQ,30.2,-7.5,-2.44,966,-32.8,69,25,E,A,D,54
EEFT,Euronet Worldwide Inc,FINANCE,Finance-CrdtCard/PmtPr,188,NASDAQ,138.74,1.8,2.52,493,19.6,72,85,E,C,B,79
EVOP,Evo Payments Inc Cl A,FINANCE,Finance-CrdtCard/PmtPr,188,NASDAQ,23.83,-1.1,-0.27,157,-20.1,96,60,E,-,B-,69
EVRI,Everi Holdings Inc,FINANCE,Finance-CrdtCard/PmtPr,188,NYSE,20.09,-2.2,-0.46,305,-39.3,69,79,E,D,C+,69
EVTC,Evertec Inc,FINANCE,Finance-CrdtCard/PmtPr,188,NYSE,43.86,-0.5,-0.24,188,-24.7,75,83,E,A,B-,79
FLYW,Flywire Corp,FINANCE,Finance-CrdtCard/PmtPr,188,NASDAQ,28.48,-3,-0.89,612,-24.9,45,22,E,D,B-,37
FOUR,Shift4 Payments Inc Cl A,FINANCE,Finance-CrdtCard/PmtPr,188,NYSE,51.59,-2.3,-1.23,1200,13.8,69,20,E,C,B-,40
GB,Global Blue Grp Hldg Ag,FINANCE,Finance-CrdtCard/PmtPr,188,NYSE,6.19,5.3,0.31,44,320.1,26,15,E,C,D-,23
GBOX,GreenBox POS,FINANCE,Finance-CrdtCard/PmtPr,188,NASDAQ,3.75,-4.6,-0.18,119,-76.6,4,4,E,-,D+,3
GDOT,Green Dot Corp,FINANCE,Finance-CrdtCard/PmtPr,188,NYSE,30.83,-4.9,-1.58,655,154,80,18,E,B,D-,39
GPN,Global Payments Inc,FINANCE,Finance-CrdtCard/PmtPr,188,NYSE,150.66,-0.6,-0.96,1505,-23,95,42,E,B,A,73
IIIV,I3 Verticals Inc Cl A,FINANCE,Finance-CrdtCard/PmtPr,188,NASDAQ,23.56,-3.4,-0.84,275,63.3,97,37,E,A,B+,73
MA,Mastercard Inc Cl A,FINANCE,Finance-CrdtCard/PmtPr,188,NYSE,397.35,1.3,5.29,4525,12.3,91,89,E,A,B-,90
MQ,Marqeta Inc Cl A,FINANCE,Finance-CrdtCard/PmtPr,188,NASDAQ,11.26,-9.5,-1.18,6023,3.8,2,4,E,D,D-,6
NVEI,Nuvei Corporation,FINANCE,Finance-CrdtCard/PmtPr,188,NASDAQ,61.06,-5.3,-3.42,397,-52.3,77,9,E,A,D+,49
OLB,Olb Group Inc,FINANCE,Finance-CrdtCard/PmtPr,188,NASDAQ,2.15,13.8,0.26,79162,10843.4,27,1,E,E,E,5
PAGS,Pagseguro Digital Cl A,FINANCE,Finance-CrdtCard/PmtPr,188,NYSE,20.18,-11.7,-2.67,3659,68.5,91,9,E,A,C-,45
PAY,Paymentus Holdings Cl A,FINANCE,Finance-CrdtCard/PmtPr,188,NYSE,28.64,-0.5,-0.14,280,-4.8,15,75,E,B,D,43
PAYA,Paya Holdings Inc,FINANCE,Finance-CrdtCard/PmtPr,188,NASDAQ,6.75,-0.6,-0.04,905,6.8,14,15,E,B,B+,28
PAYO,Payoneer Global Inc,FINANCE,Finance-CrdtCard/PmtPr,188,NASDAQ,5.22,-3.4,-0.19,2056,17.5,7,12,E,D,E,6
PAYS,Paysign Inc,FINANCE,Finance-CrdtCard/PmtPr,188,NASDAQ,2.22,-3.5,-0.08,148,-50.4,25,20,E,E,B+,24
PMTS,C P I Card Group Inc,FINANCE,Finance-CrdtCard/PmtPr,188,NASDAQ,15.3,-1.6,-0.25,14,-21.7,56,18,E,-,D-,24
PSFE,Paysafe Limited,FINANCE,Finance-CrdtCard/PmtPr,188,NYSE,3.58,-5.9,-0.23,5491,-39.5,49,3,E,E,D+,12
PYPL,Paypal Holdings Inc,FINANCE,Finance-CrdtCard/PmtPr,188,NASDAQ,132.74,-24.5,-43.06,125348,1012.4,84,19,E,A,E,47
QIWI,QIWI Plc Cl B Ads,FINANCE,Finance-CrdtCard/PmtPr,188,NASDAQ,7.45,-1.1,-0.08,125,-54.4,61,22,E,B,E,38
RPAY,Repay Hldgs Corp Cl A,FINANCE,Finance-CrdtCard/PmtPr,188,NASDAQ,17.81,-4.6,-0.86,573,57.5,44,30,E,A,C,51
SQ,Block Inc Cl A,FINANCE,Finance-CrdtCard/PmtPr,188,NYSE,113.86,-10.8,-13.75,23603,136.4,93,9,E,A,E,45
STNE,Stoneco Ltd Cl A,FINANCE,Finance-CrdtCard/PmtPr,188,NASDAQ,14.08,-12,-1.93,6216,-7,53,2,E,B,D+,25
TOST,Toast Inc Cl A,FINANCE,Finance-CrdtCard/PmtPr,188,NYSE,24.29,-5.6,-1.43,4087,40.6,1,4,E,D,D-,5
UEPS,Net 1 Ueps Technologies,FINANCE,Finance-CrdtCard/PmtPr,188,NASDAQ,4.92,-2,-0.1,70,-44.1,27,35,E,E,B+,30
USIO,Usio Inc,FINANCE,Finance-CrdtCard/PmtPr,188,NASDAQ,3.34,-6.4,-0.23,56,-68.6,69,14,E,D,D,33
V,Visa Inc Cl A,FINANCE,Finance-CrdtCard/PmtPr,188,NYSE,235.12,1.2,2.76,7717,-5.3,89,83,E,A,E,81
WEX,W E X Inc,FINANCE,Finance-CrdtCard/PmtPr,188,NYSE,162.19,-1.9,-3.1,174,-48.3,89,52,E,B,B,72
AGMH,Agm Group Holdings Cl A,FINANCE,Finance-Invest Bnk/Bkrs,42,NASDAQ,1.78,-8.7,-0.17,100,-56.6,27,1,A-,E,D-,16
AMP,Ameriprise Financial Inc,FINANCE,Finance-Invest Bnk/Bkrs,42,NYSE,313.43,1.7,5.33,491,17.9,93,92,A-,A,C,95
BGCP,B G C Partners Inc Cl A,FINANCE,Finance-Invest Bnk/Bkrs,42,NASDAQ,4.3,-1.3,-0.06,900,-39.2,44,30,A-,B,D,43
COWN,Cowen Inc Cl A,FINANCE,Finance-Invest Bnk/Bkrs,42,NASDAQ,31.82,-1.9,-0.62,144,-28.3,79,35,A-,A,E,68
CS,Credit Suisse Grp AG Adr,FINANCE,Finance-Invest Bnk/Bkrs,42,NYSE,9.74,-0.3,-0.03,4153,-18.6,16,31,A-,D,E,25
EVR,Evercore Inc,FINANCE,Finance-Invest Bnk/Bkrs,42,NYSE,125.49,-0.9,-1.14,610,104.8,98,39,A-,A,C-,87
FRHC,Freedom Holding Corp,FINANCE,Finance-Invest Bnk/Bkrs,42,NASDAQ,64.95,0.8,0.52,199,-61.5,74,86,A-,A,C-,97
FUTU,Futu Holdings Cl A Ads,FINANCE,Finance-Invest Bnk/Bkrs,42,NASDAQ,42.19,-4,-1.78,2066,-60,97,10,A-,A,B-,71
GHL,Greenhill & Co Inc,FINANCE,Finance-Invest Bnk/Bkrs,42,NYSE,17.2,4.1,0.68,362,509.7,55,89,A-,A,C+,87
HLI,Houlihan Lokey Inc Cl A,FINANCE,Finance-Invest Bnk/Bkrs,42,NYSE,103.76,-2.3,-2.41,230,-20.5,99,95,A-,A,C-,99
HOOD,Robinhood Markets Cl A,FINANCE,Finance-Invest Bnk/Bkrs,42,NASDAQ,13.87,-5.3,-0.78,21777,17.1,5,4,A-,D,C-,17
IBKR,Interactive Brokers Grp,FINANCE,Finance-Invest Bnk/Bkrs,42,NASDAQ,71.04,1.2,0.81,738,8.2,92,69,A-,A,E,81
JEF,Jefferies Financial Grp,FINANCE,Finance-Invest Bnk/Bkrs,42,NYSE,37.16,0.8,0.29,1256,9.7,88,85,A-,A,D,88
LAZ,Lazard Ltd,FINANCE,Finance-Invest Bnk/Bkrs,42,NYSE,43.15,-2.4,-1.06,699,81,80,52,A-,A,D-,79
LGHL,Lion Group Holding ADS,FINANCE,Finance-Invest Bnk/Bkrs,42,NASDAQ,0.91,-5,-0.05,176,-32.2,8,5,A-,E,C-,11
LPLA,L P L Financial Holdings,FINANCE,Finance-Invest Bnk/Bkrs,42,NASDAQ,176.44,-0.5,-0.92,490,37.4,92,93,A-,A,A-,95
MC,Moelis & Company Cl A,FINANCE,Finance-Invest Bnk/Bkrs,42,NYSE,55.47,-2.4,-1.38,288,-1.5,88,55,A-,A,E,84
MKTX,Marketaxess Holdings Inc,FINANCE,Finance-Invest Bnk/Bkrs,42,NASDAQ,342.93,-2.2,-7.79,226,16.6,64,21,A-,B,D+,49
NMR,Nomura Holdings Inc Adr,FINANCE,Finance-Invest Bnk/Bkrs,42,NYSE,4.75,4.3,0.2,1054,26.2,12,42,A-,E,B+,39
OPY,Oppenheimer Holdings Inc,FINANCE,Finance-Invest Bnk/Bkrs,42,NYSE,42.51,-0.5,-0.2,55,-19.9,85,37,A-,B,C-,70
PIPR,Piper Sandler Companies,FINANCE,Finance-Invest Bnk/Bkrs,42,NYSE,150.5,-2,-3.04,38,-24.3,96,92,A-,A,E,97
PWP,Perella Weinberg Ptr ClA,FINANCE,Finance-Invest Bnk/Bkrs,42,NASDAQ,10.84,-1.7,-0.19,189,-37.1,53,30,A-,A,C+,73
RILY,B Riley Financial Inc,FINANCE,Finance-Invest Bnk/Bkrs,42,NASDAQ,61.88,-1.8,-1.13,176,-10.1,70,77,A-,A,E,78
RJF,Raymond James Financial,FINANCE,Finance-Invest Bnk/Bkrs,42,NYSE,109.78,0.6,0.7,660,-18,92,94,A-,A,B+,96
SCHW,Charles Schwab Corp,FINANCE,Finance-Invest Bnk/Bkrs,42,NYSE,90.44,0.4,0.38,4965,-0.9,89,96,A-,A,D,93
SF,Stifel Financial Corp,FINANCE,Finance-Invest Bnk/Bkrs,42,NYSE,78.23,0.6,0.47,554,65.1,99,91,A-,A,B+,97
SIEB,Siebert Financial Corp,FINANCE,Finance-Invest Bnk/Bkrs,42,NASDAQ,2.08,-4.5,-0.1,37,-43.5,63,11,A-,B,D,41
SNEX,StoneX Group Inc,FINANCE,Finance-Invest Bnk/Bkrs,42,NASDAQ,66.72,1.1,0.75,43,-0.8,57,72,A-,D,C+,70
TIGR,Up Fintech Hldg Cl A Ads,FINANCE,Finance-Invest Bnk/Bkrs,42,NASDAQ,4.2,-5.3,-0.24,1886,-55,16,4,A-,B,D+,28
XP,XP Inc Cl A,FINANCE,Finance-Invest Bnk/Bkrs,42,NASDAQ,32.22,-4.6,-1.56,2559,-14,99,32,A-,A,B-,82