"#","Symbol","Name","Sector","Ind Group Rank","Industry Name","Current Price","Price % Chg","Price $ Chg","Volume (1000s)","Vol % Chg vs 50-Day","EPS Rating","RS Rating","Ind Group RS","SMR Rating","A/D Rating","Comp Rating"
"34","DQ","Daqo New Energy Corp Ads","ENERGY","196","Energy-Solar","35.72","-5.3","-1.99","765","-51.2","95","9","E","A","C+","63"
"116","RUN","Sunrun Inc","ENERGY","196","Energy-Solar","23.04","-7","-1.74","13940","111.6","7","6","E","D","C","12"
"48","GME","Gamestop Corp","RETAIL","195","Retail-Consumer Elec","99.23","-0.8","-0.81","2645","-19.3","10","27","E","E","C+","15"
"131","TDOC","Teladoc Health Inc","SOFTWARE","193","Computer Sftwr-Medical","72.86","-5.2","-4.03","3440","-24.5","31","7","E","C","C","20"
"125","SPOT","Spotify Technology S A","SOFTWARE","191","Computer Sftwr-Edu/Media","159.76","-16.8","-32.16","13993","721.2","43","15","E","D","D-","28"
"14","BABA","Alibaba Group Hldg Ads","RETAIL","190","Retail-Internet","123.47","0.5","0.59","15027","-39.6","82","16","E","B","D-","41"
"23","CHWY","Chewy Inc Cl A","RETAIL","190","Retail-Internet","43.69","-0.6","-0.26","5957","19.4","31","11","E","-","D-","12"
"45","FTCH","Farfetch Limited","RETAIL","190","Retail-Internet","18.9","-8.8","-1.83","9048","31.5","35","6","E","D","D-","15"
"92","PDD","Pinduoduo Inc Cl A Ads","RETAIL","190","Retail-Internet","55.13","-4.6","-2.66","4928","-46.7","69","11","E","C","B","36"
"114","ROKU","Roku Inc Cl A","LEISURE","189","Leisure-Movies & Related","145.28","-7.4","-11.62","4410","-27.5","69","7","E","C","E","33"
"24","CMCSA","Comcast Corp Cl A","TELECOM","188","Telecom Svcs-Cable/Satl","49.62","-0.7","-0.37","24878","3.5","87","39","E","B","D-","60"
"36","ENSG","Ensign Group Inc","MEDICAL","186","Medical-Long-term Care","73.43","-1.2","-0.89","213","-12","86","37","E","B","B-","67"
"26","COUP","Coupa Software Inc","SOFTWARE","180","Computer Sftwr-Enterprse","122.28","-5.9","-7.65","1311","-35.9","95","10","D-","B","E","41"
"97","PLTR","Palantir TechnologiesClA","SOFTWARE","180","Computer Sftwr-Enterprse","12.45","-6.5","-0.87","46535","6.6","63","10","D-","-","E","24"
"113","RNG","RingCentral Inc Cl A","SOFTWARE","180","Computer Sftwr-Enterprse","155.74","-7.4","-12.5","1333","5.8","94","14","D-","A","D+","57"
"135","TWLO","Twilio Inc Cl A","SOFTWARE","180","Computer Sftwr-Enterprse","180.21","-8.7","-17.19","3803","40.5","9","11","D-","C","D","19"
"154","ZEN","Zendesk Inc","SOFTWARE","180","Computer Sftwr-Enterprse","94.57","-4.9","-4.85","1490","-26.4","76","24","D-","B","D+","58"
"155","ZM","Zoom Video Comm Cl A","SOFTWARE","180","Computer Sftwr-Enterprse","137.94","-6.9","-10.17","3243","-37","93","7","D-","A","D-","51"
"150","XPEL","Xpel Inc","AUTO","175","Auto/Truck-Replace Parts","61.81","1","0.63","169","-2.2","96","39","D-","A","E","61"
"132","TLRY","Tilray Brands Inc Cl 2","CONSUMER","173","Consumer Prod-Specialty","5.65","-5.5","-0.33","11507","-50.1","47","6","D-","D","D","19"
"57","ITGR","Integer Holdings Corp","MEDICAL","172","Medical-Products","77.99","-1","-0.8","78","-56.5","86","35","D-","C","B+","68"
"69","MDT","Medtronic Plc","MEDICAL","172","Medical-Products","102.17","-1.2","-1.2","6730","-16.2","78","29","D-","B","E","50"
"153","ZBH","Zimmer Biomet Hldgs Inc","MEDICAL","172","Medical-Products","121.27","-0.4","-0.44","1869","2.3","58","26","D-","B","E","32"
"16","BIIB","Biogen Inc","MEDICAL","170","Medical-Biomed/Biotech","220.17","-2.1","-4.79","1915","7.6","45","24","D-","B","C+","29"
"38","EXAS","Exact Sciences Corp","MEDICAL","170","Medical-Biomed/Biotech","75.09","-1","-0.75","1822","-16.3","16","19","D-","D","D+","19"
"111","RH","R H","RETAIL","168","Retail-Home Furnishings","396.4","-1.5","-6.19","369","-38.1","95","16","D","A","E","59"
"102","PTC","P T C Inc","SOFTWARE","165","Computer Sftwr-Design","113.63","-2.4","-2.77","641","-27.3","87","34","D","A","D","64"
"128","SWK","Stanley Black & Decker","BUILDING","162","Bldg-Hand Tools","174.36","0","0.04","1710","18.2","68","41","D","B","B-","56"
"43","FNV","Franco Nevada Corp","MINING","160","Mining-Gold/Silver/Gems","134.88","0.8","1.02","633","11.7","93","52","D","A","D+","75"
"11","AVNW","Aviat Networks Inc","TELECOM","159","Telecom-Infrastructure","29.74","-3.8","-1.18","237","105.1","86","64","D","B","B","78"
"133","TMUS","T-Mobile U.S. Inc","TELECOM","157","Telecom Svcs-Wireless","120.78","10.2","11.2","15416","177.5","81","41","D","B","D+","50"
"3","ABG","Asbury Automotive Group","RETAIL","155","Retail/Whlsle-Automobile","164.03","-3.7","-6.22","118","-60.3","98","35","D","A","B+","83"
"63","LAD","Lithia Motors Inc Cl A","RETAIL","155","Retail/Whlsle-Automobile","285.01","-2.2","-6.3","171","-55","98","27","D","A","B","74"
"54","IIIV","I3 Verticals Inc Cl A","FINANCE","154","Finance-CrdtCard/PmtPr","22.4","-4.7","-1.11","152","-32.6","97","29","D+","A","B-","71"
"104","PYPL","Paypal Holdings Inc","FINANCE","154","Finance-CrdtCard/PmtPr","124.3","-6.2","-8.27","51330","207.9","82","10","D+","A","D-","45"
"126","SQ","Block Inc Cl A","FINANCE","154","Finance-CrdtCard/PmtPr","101.5","-11","-12.54","28978","131.1","94","6","D+","A","E","50"
"142","V","Visa Inc Cl A","FINANCE","154","Finance-CrdtCard/PmtPr","231.54","-1.6","-3.88","9746","-7.5","89","83","D+","A","E","84"
"143","VFC","V F Corp","APPAREL","148","Apparel-Clothing Mfg","63.66","-2.6","-1.68","3117","1.6","64","26","D+","B","E","54"
"18","BURL","Burlington Stores Inc","RETAIL","147","Retail-Apparel/Shoes/Acc","228.95","-0.9","-2.11","933","8.6","74","24","D+","D","D+","46"
"49","GPS","Gap Inc","RETAIL","147","Retail-Apparel/Shoes/Acc","17.11","-3.2","-0.57","12723","13.9","53","17","D+","D","D","27"
"115","ROST","Ross Stores Inc","RETAIL","147","Retail-Apparel/Shoes/Acc","94.38","-3","-2.95","2616","12.5","57","25","D+","B","D-","52"
"124","SNX","T D Synnex","RETAIL","146","Wholesale-Electronics","104.52","-2.5","-2.72","247","-29.5","84","52","D+","C","B-","76"
"33","DLB","Dolby Laboratories Inc","ELECTRNCS","141","Elec-Misc Products","85.29","-3.1","-2.71","432","-10.6","68","41","D+","A","A","72"
"42","FNKO","Funko Inc Cl A","CONSUMER","137","Leisure-Toys/Games/Hobby","17.32","-1.3","-0.23","511","21.1","81","69","C-","B","B-","78"
"1","AAL","American Airlines Group","TRANSPRT","135","Transportation-Airline","16.58","-2.2","-0.38","30270","-26","48","29","C-","-","D","34"
"29","DAL","Delta Air Lines Inc","TRANSPRT","135","Transportation-Airline","39.73","-1.9","-0.79","9864","-34.6","9","52","C-","E","D+","34"
"67","LUV","Southwest Airlines Co","TRANSPRT","135","Transportation-Airline","43.44","-1.9","-0.85","5497","-42.6","60","31","C-","C","D-","44"
"137","UAL","United Airlines Holdings","TRANSPRT","135","Transportation-Airline","43.08","-2.4","-1.04","7924","-43.1","50","37","C-","D","D+","43"
"31","DIS","Walt Disney Company","MEDIA","130","Media-Diversified","140.03","-1.8","-2.59","9016","-29.8","64","26","C-","C","E","40"
"32","DKNG","Draftkings Inc Cl A","LEISURE","129","Leisure-Gaming/Equip","20.55","-5.7","-1.24","22713","2.4","24","6","C-","D","B","24"
"94","PENN","Penn Natl Gaming Inc","LEISURE","129","Leisure-Gaming/Equip","45.33","-0.7","-0.34","12519","184.1","35","16","C-","C","E","25"
"86","NRC","National Research Corp","BUSINS SVC","124","Comml Svcs-Healthcare","39.45","-0.5","-0.2","92","62.8","83","26","C","A","C+","64"
"84","NLY","Annaly Capital Mgmt Inc","REAL EST","121","Finance-Mortgage REIT","7.62","-1.8","-0.14","20450","-7.8","32","35","C","C","C-","40"
"30","DCI","Donaldson Co","MACHINE","116","Pollution Control","54.77","-1.5","-0.81","257","-51.6","82","34","C","A","B-","70"
"148","X","United States Steel Corp","METALS","111","Steel-Producers","22.04","0.1","0.02","17333","-2","69","48","C+","A","D-","69"
"25","CMI","Cummins Inc","AUTO","110","Trucks & Parts-Hvy Duty","227.25","0.3","0.78","1838","68.8","77","48","C+","A","D","69"
"13","BA","Boeing Co","AEROSPACE","105","Aerospace/Defense","206.39","-0.5","-1.13","6791","-34.6","44","46","C+","-","D+","37"
"108","RADA","Rada Electronic Inds Ltd","AEROSPACE","105","Aerospace/Defense","9.36","-0.8","-0.08","216","-54.5","69","30","C+","B","B+","72"
"7","ARKK","A R K Innovation Etf","MISC","104","Finance-ETF / ETN","69.04","-5.6","-4.1","30772","62.4","0","13","C+","-","D-","0"
"35","EEM","Ishares Msci Emrg Mkts","MISC","104","Finance-ETF / ETN","48.54","-1.1","-0.52","37470","-19.1","0","41","C+","-","D-","0"
"58","IWM","Ishares Russell 2000 Etf","MISC","104","Finance-ETF / ETN","197.48","-1.9","-3.86","37084","-16.5","0","33","C+","-","E","0"
"61","KWEB","Kraneshrs CSI China Int","MISC","104","Finance-ETF / ETN","35.84","-2","-0.73","11062","-36","0","16","C+","-","C+","0"
"62","LABU","Direxion S&P Bio Bull 3X","MISC","104","Finance-ETF / ETN","17.06","-7.2","-1.33","13152","5.8","0","1","C+","-","D","0"
"149","XBI","Spdr S&P Biotech Etf","MISC","104","Finance-ETF / ETN","89.44","-2.6","-2.41","12526","-1.8","0","18","C+","-","E","0"
"79","MTZ","Mastec Inc","BUILDING","102","Bldg-Heavy Construction","84.58","-0.7","-0.61","379","-31.6","84","39","C+","B","D","64"
"17","BILI","Bilibili Inc Cl Z Ads","INTERNET","99","Internet-Content","32.6","-3.2","-1.09","2397","-61.9","5","4","C+","D","E","9"
"77","MTCH","Match Group Inc","INTERNET","99","Internet-Content","111.98","-5.1","-6.03","3070","12.1","18","23","C+","B","C+","45"
"95","PINS","Pinterest Inc Cl A","INTERNET","99","Internet-Content","24.51","-10.3","-2.82","27522","146","70","7","C+","A","E","46"
"136","TWTR","Twitter Inc","INTERNET","99","Internet-Content","34.48","-5.6","-2.03","31655","71","30","15","C+","C","E","27"
"152","Z","Zillow Group Inc Cl C","INTERNET","99","Internet-Content","47.53","-3.2","-1.56","2788","-44.5","30","11","C+","C","C+","35"
"65","LDOS","Leidos Holdings Inc","BUSINS SVC","98","Comml Svcs-Consulting","89.98","0","-0.01","550","-39.3","82","39","C+","B","D-","64"
"73","MMS","Maximus Inc","BUSINS SVC","98","Comml Svcs-Consulting","76","-2.7","-2.13","585","44.6","73","35","C+","B","C-","67"
"117","SAIC","Science Applications Int","BUSINS SVC","98","Comml Svcs-Consulting","83.67","0","0.02","265","-28.6","89","46","C+","B","D-","65"
"27","CSGP","Costar Group Inc","BUSINS SVC","97","Comml Svcs-Market Rsrch","68.22","-3.9","-2.78","1769","-9.8","84","26","C+","B","E","54"
"70","MED","Medifast Inc","CONSUMER","94","Cosmetics/Personal Care","185.62","-4.8","-9.26","74","-32.5","98","24","B-","A","D+","73"
"8","ARNC","Arconic Corporation","METALS","91","Metal Proc & Fabrication","30.53","-1.7","-0.52","586","-30.1","62","59","B-","C","B","72"
"147","WOR","Worthington Industries","METALS","91","Metal Proc & Fabrication","53.82","-1.7","-0.92","159","-36.7","89","39","B-","A","D+","74"
"91","OKTA","Okta Inc Cl A","SOFTWARE","87","Computer Sftwr-Security","182.8","-4.4","-8.44","1805","-13.3","8","21","B-","C","D","34"
"88","OC","Owens Corning","BUILDING","85","Bldg-Constr Prds/Misc","89.5","-2.1","-1.88","643","-38.6","92","52","B-","B","C","86"
"2","ABEV","Ambev SA Adr","ALCOHL/TOB","84","Beverages-Alcoholic","2.71","-1.8","-0.05","17951","-13.8","77","34","B-","A","B-","66"
"6","APAM","Artisan Ptns Asset Mgmt","FINANCE","80","Finance-Investment Mgmt","41.34","-1.5","-0.61","1087","97.6","89","26","B","A","E","66"
"105","PZN","Pzena Invstmnt Mgmt Cl A","FINANCE","80","Finance-Investment Mgmt","9.81","-3.3","-0.33","82","45.4","75","46","B","A","C","78"
"118","SEIC","S E I Investments Co","FINANCE","80","Finance-Investment Mgmt","59","-0.9","-0.52","486","-28.6","85","52","B","A","C","80"
"127","SSSS","Suro Capital Corp","FINANCE","80","Finance-Investment Mgmt","11.97","-1.6","-0.2","241","-41.9","44","92","B","D","D+","73"
"78","MTX","Minerals Technologies","CHEMICAL","78","Chemicals-Specialty","69.66","-0.7","-0.49","109","-16.1","82","46","B","C","C+","74"
"82","NGVT","Ingevity Corporation","CHEMICAL","78","Chemicals-Specialty","64.52","-2.7","-1.79","169","-14.8","87","28","B","A","B-","68"
"89","OEC","Orion Engineered Carbns","CHEMICAL","78","Chemicals-Specialty","18.37","-0.6","-0.12","369","46.8","72","52","B","A","B+","83"
"66","LGIH","L G I Homes Inc","BUILDING","74","Bldg-Resident/Comml","124.65","-0.8","-0.95","188","-19.3","99","35","B","A","D+","77"
"71","MHO","M I Homes Inc","BUILDING","74","Bldg-Resident/Comml","52.09","-1.4","-0.76","422","20.5","95","34","B","A","C+","75"
"146","WDC","Western Digital Corp","COMPUTER","73","Computer-Data Storage","52.29","-2.2","-1.15","5047","17.4","69","32","B","B","E","59"
"59","JJSF","J & J Snack Foods Corp","FOOD/BEV","72","Food-Packaged","149.66","-0.1","-0.11","92","6.4","64","46","B","C","B-","71"
"99","POST","Post Holdings Inc","FOOD/BEV","72","Food-Packaged","105.39","-0.5","-0.48","789","92.9","46","75","B","C","E","67"
"140","UL","Unilever Plc","FOOD/BEV","72","Food-Packaged","51.78","1.1","0.58","2355","-50.8","65","43","B","B","C+","64"
"19","BYND","Beyond Meat Inc","FOOD/BEV","71","Food-Meat Products","58.01","-9.4","-5.99","3780","-3.6","1","9","B","D","B-","21"
"109","RCII","Rent-A-Center Inc","FINANCE","70","Comml Svcs-Leasing","39.1","-2.3","-0.91","814","-1.6","98","25","B","A","D-","71"
"4","AES","A E S Corp","UTILITY","69","Utility-Electric Power","21.76","-2.5","-0.55","5251","2.6","84","32","B","A","D-","67"
"98","PNM","P N M Resources Inc","UTILITY","69","Utility-Electric Power","45.52","1.5","0.69","691","-28.5","57","46","B","B","C+","66"
"5","ALLY","Ally Financial Inc","FINANCE","68","Financial Svcs-Specialty","48.33","-1.3","-0.64","2790","-16.4","79","69","B","B","D-","72"
"106","QFIN","360 Digitech Inc Cl AAds","FINANCE","68","Financial Svcs-Specialty","18.7","-3.4","-0.65","478","-67.6","95","34","B","A","D","74"
"9","ASX","A S E Technology Hlg Ads","CHIPS","65","Elec-Semiconductor Mfg","6.88","-5.4","-0.39","4771","-4.6","61","35","B","B","D-","71"
"55","INTC","Intel Corp","CHIPS","65","Elec-Semiconductor Mfg","48.28","-2.5","-1.23","38266","1.3","77","37","B","B","C","61"
"80","MX","Magnachip Semiconductor","CHIPS","65","Elec-Semiconductor Mfg","18.03","-2","-0.37","365","-53.2","82","37","B","C","D+","63"
"107","QRVO","Qorvo Inc","CHIPS","65","Elec-Semiconductor Mfg","128.72","-10.3","-14.83","3386","146.3","81","23","B","A","B","70"
"129","SWKS","Skyworks Solutions Inc","CHIPS","65","Elec-Semiconductor Mfg","138.54","-6.7","-9.93","3163","63.3","84","25","B","A","D","68"
"47","GE","General Electric Co","MISC","63","Diversified Operations","98.32","0.3","0.28","6208","-6.4","53","55","B+","D","D","57"
"53","HON","Honeywell International","MISC","63","Diversified Operations","191.75","-7.6","-15.8","8636","153","81","33","B+","B","E","68"
"72","MMM","Three M Company","MISC","63","Diversified Operations","164.39","-1.4","-2.27","2606","-1.5","51","34","B+","A","D-","54"
"87","NWS","News Corporation Cl B","MEDIA","62","Media-Newspapers","22.54","0.5","0.12","397","-39","82","64","B+","C","D+","76"
"56","IP","International Paper Co","MISC","60","Paper & Paper Products","47.56","-0.3","-0.15","2883","-24.6","70","46","B+","B","B-","74"
"22","CHCT","Community Healthcare Tr","REAL EST","57","Finance-Property REIT","43.28","-2.3","-1.02","48","-54.8","76","39","B+","B","B-","77"
"28","CTRE","Caretrust Reit","REAL EST","57","Finance-Property REIT","20.01","-3.5","-0.73","778","-18.4","61","39","B+","B","C-","68"
"50","GTY","Getty Realty Corp Hld Co","REAL EST","57","Finance-Property REIT","28.88","-2.8","-0.84","464","75.1","63","43","B+","B","B-","72"
"85","NNN","National Retail Pptys","REAL EST","57","Finance-Property REIT","43.67","-1.3","-0.56","925","-4.7","76","48","B+","B","B","78"
"90","OFC","Corporate Office Pptys","REAL EST","57","Finance-Property REIT","25.17","-1.7","-0.44","609","-18.3","94","37","B+","C","D-","68"
"93","PEB","Pebblebrook Hotel Tr","REAL EST","57","Finance-Property REIT","21.74","-0.4","-0.09","914","-33.5","49","48","B+","D","B-","65"
"101","PSTL","Postal Realty Trust Cl A","REAL EST","57","Finance-Property REIT","17.85","-0.6","-0.11","111","-31.9","69","48","B+","C","C+","75"
"139","UE","Urban Edge Properties","REAL EST","57","Finance-Property REIT","17.95","-2","-0.36","625","-15.8","49","73","B+","B","E","73"
"144","VICI","Vici Properties","REAL EST","57","Finance-Property REIT","28.32","-1.6","-0.45","3555","-37.8","71","55","B+","A","C-","78"
"60","KT","K T Corp Adr","TELECOM","54","Telecom Svcs- Foreign","13.08","-0.7","-0.09","371","-61.1","62","80","B+","D","B-","78"
"122","SKM","S K Telecom Co Ltd Ads","TELECOM","54","Telecom Svcs- Foreign","26.04","-2.3","-0.6","257","-28.8","69","41","B+","C","B-","70"
"130","TCOM","Trip.com Group Ltd Adr","LEISURE","51","Leisure-Travel Booking","26.17","-0.5","-0.12","2657","-58.8","33","33","B+","C","B","45"
"46","FUTU","Futu Holdings Cl A Ads","FINANCE","50","Finance-Invest Bnk/Bkrs","41.45","-2.1","-0.87","2344","-59.1","97","10","B+","A","B-","70"
"15","BEKE","Ke Holdings Inc Ads Cl A","REAL EST","44","Real Estate Dvlpmt/Ops","19.67","-4.1","-0.85","5546","-48.9","54","24","A-","B","A","54"
"112","RMAX","Remax Holdings Inc Cl A","REAL EST","44","Real Estate Dvlpmt/Ops","29.95","1.2","0.36","156","12.5","76","34","A-","A","B+","75"
"40","FDX","Fedex Corp","TRANSPRT","43","Transport-Air Freight","247.32","-1.8","-4.5","1797","-20.7","47","46","A-","B","B-","69"
"52","HIMX","Himax Technologies Ads","CHIPS","42","Elec-Semicondctor Fablss","10.13","-5.7","-0.61","3151","-26.7","69","34","A-","A","D+","73"
"151","XPER","Xperi Holding Corp","CHIPS","42","Elec-Semicondctor Fablss","16.33","-3.1","-0.53","347","-31.6","56","29","A-","A","C+","62"
"83","NIO","Nio Inc Cl A Ads","AUTO","41","Auto Manufacturers","23.13","-2.7","-0.63","54620","-2.4","46","11","A-","D","D","37"
"21","CCL","Carnival Corporation","LEISURE","39","Leisure-Services","20.34","-2.4","-0.51","27367","-39","28","35","A-","D","B","54"
"68","LYFT","Lyft Inc Cl A","LEISURE","39","Leisure-Services","36.36","-5.4","-2.08","4685","-25.9","61","21","A-","D","D","49"
"81","NCLH","Norwegian Cruise Lne Hld","LEISURE","39","Leisure-Services","20.49","-3.8","-0.82","14751","-38","35","26","A-","D","B-","47"
"103","PTON","Peloton Interactive Cl A","LEISURE","39","Leisure-Services","24.25","-9.2","-2.45","10342","-54.6","8","1","A-","C","C+","22"
"110","RCL","Royal Caribbean Group","LEISURE","39","Leisure-Services","79.36","-2.3","-1.88","4805","1.2","34","59","A-","E","B","69"
"121","SIX","Six Flags Entertainment","LEISURE","39","Leisure-Services","39.95","-1.7","-0.7","847","-43.8","69","48","A-","-","B","75"
"138","UBER","Uber Technologies Inc","LEISURE","39","Leisure-Services","34.54","-7.1","-2.63","29672","-0.3","23","21","A-","D","D-","36"
"12","AXTI","A X T Inc","CHIPS","37","Elec-Semiconductor Equip","7.1","-3.9","-0.29","224","4.2","69","21","A-","B","B","71"
"39","FCNCA","First Citizens Bancshs A","BANKS","36","Banks-Southeast","770.4","-1.8","-14.33","90","-42.3","74","55","A-","B","C","82"
"37","ESNT","Essent Group Ltd","FINANCE","35","Finance-Mrtg&Rel Svc","45.1","-1.1","-0.51","652","-12","94","55","A-","B","B+","94"
"64","LAWS","Lawson Products Inc","RETAIL","34","Retail/Whlsle-Bldg Prds","46.67","-0.9","-0.44","28","9.9","86","34","A-","B","C","76"
"76","MSM","M S C Industrial Drct","RETAIL","34","Retail/Whlsle-Bldg Prds","83.77","0","-0.04","524","27.2","71","55","A-","B","B-","79"
"134","TPL","Texas Pacific Land Corp","ENERGY","33","Oil&Gas-Royalty Trust","1090.31","-2.2","-24.09","14","-49.7","97","32","A-","A","D","79"
"141","ULH","Universal Logistics Hldg","TRANSPRT","29","Transportation-Truck","17.75","-1.3","-0.23","44","-24.8","97","26","A","B","B-","78"
"96","PLL","Piedmont Lithium Inc","MINING","28","Mining-Metal Ores","45.4","-5.1","-2.45","324","-8.9","1","22","A","-","C+","31"
"44","FSBW","F S Bancorp","BANKS","25","Banks-West/Southwest","33.33","0.4","0.12","8","-44.4","62","64","A","C","D","70"
"100","PPBI","Pacific Premier Bancorp","BANKS","25","Banks-West/Southwest","37.78","-0.9","-0.36","275","-36","78","41","A","A","E","69"
"51","HDB","H D F C Bank Ltd Adr","BANKS","22","Banks-Foreign","68.72","-1.4","-0.96","1055","-30.9","88","46","A","B","B-","83"
"120","SHG","Shinhan Financial Gp Adr","BANKS","22","Banks-Foreign","32.27","-1.4","-0.45","116","-23.2","63","69","A","B","C-","82"
"41","FMX","Fomento Econ Mex Sab Ads","FOOD/BEV","21","Beverages-Non-Alcoholic","73.69","-4.2","-3.21","802","49.5","74","43","A","C","D-","77"
"75","MNST","Monster Beverage Corp","FOOD/BEV","21","Beverages-Non-Alcoholic","86.08","-1.3","-1.13","2807","18.7","80","48","A","A","D-","81"
"20","CASY","Caseys General Stores","RETAIL","20","Retail-Super/Mini Mkts","187.41","-1.1","-2.06","147","-42.2","62","43","A","B","B-","79"
"145","VLGEA","Village Super Market A","RETAIL","20","Retail-Super/Mini Mkts","22.3","-0.2","-0.05","39","7.3","79","59","A","D","B+","78"
"74","MNRO","Monro Inc","RETAIL","19","Retail/Whlsle-Auto Parts","46.9","-4","-1.96","475","90.3","72","23","A","C","D-","63"
"119","SGU","Star Group LP","ENERGY","10","Oil&Gas-Refining/Mktg","10.48","-0.6","-0.06","51","-24.7","41","55","A+","B","D-","75"
"10","AVD","American Vanguard Corp","AGRICULTRE","5","Chemicals-Agricultural","14.71","-2.7","-0.41","89","-46.4","74","33","A+","C","D+","67"
"123","SMG","Scotts Miracle-Gro Co","AGRICULTRE","5","Chemicals-Agricultural","134.23","-5","-7.05","713","72","46","21","A+","B","C-","52"
